CREATE DATABASE  IF NOT EXISTS `passabus` /*!40100 DEFAULT CHARACTER SET utf8mb3 */ /*!80016 DEFAULT ENCRYPTION='N' */;
USE `passabus`;
-- MySQL dump 10.13  Distrib 8.0.36, for Win64 (x86_64)
--
-- Host: localhost    Database: passabus
-- ------------------------------------------------------
-- Server version	8.0.36

/*!40101 SET @OLD_CHARACTER_SET_CLIENT=@@CHARACTER_SET_CLIENT */;
/*!40101 SET @OLD_CHARACTER_SET_RESULTS=@@CHARACTER_SET_RESULTS */;
/*!40101 SET @OLD_COLLATION_CONNECTION=@@COLLATION_CONNECTION */;
/*!50503 SET NAMES utf8 */;
/*!40103 SET @OLD_TIME_ZONE=@@TIME_ZONE */;
/*!40103 SET TIME_ZONE='+00:00' */;
/*!40014 SET @OLD_UNIQUE_CHECKS=@@UNIQUE_CHECKS, UNIQUE_CHECKS=0 */;
/*!40014 SET @OLD_FOREIGN_KEY_CHECKS=@@FOREIGN_KEY_CHECKS, FOREIGN_KEY_CHECKS=0 */;
/*!40101 SET @OLD_SQL_MODE=@@SQL_MODE, SQL_MODE='NO_AUTO_VALUE_ON_ZERO' */;
/*!40111 SET @OLD_SQL_NOTES=@@SQL_NOTES, SQL_NOTES=0 */;

--
-- Temporary view structure for view `destinopopular`
--

DROP TABLE IF EXISTS `destinopopular`;
/*!50001 DROP VIEW IF EXISTS `destinopopular`*/;
SET @saved_cs_client     = @@character_set_client;
/*!50503 SET character_set_client = utf8mb4 */;
/*!50001 CREATE VIEW `destinopopular` AS SELECT 
 1 AS `quantViagem`,
 1 AS `destino`*/;
SET character_set_client = @saved_cs_client;

--
-- Table structure for table `log`
--

DROP TABLE IF EXISTS `log`;
/*!40101 SET @saved_cs_client     = @@character_set_client */;
/*!50503 SET character_set_client = utf8mb4 */;
CREATE TABLE `log` (
  `idLog` int NOT NULL AUTO_INCREMENT,
  `dtLogin` timestamp NULL DEFAULT NULL,
  `dtLogout` timestamp NULL DEFAULT NULL,
  `idUsuario` int NOT NULL,
  PRIMARY KEY (`idLog`),
  UNIQUE KEY `idLog_UNIQUE` (`idLog`),
  KEY `fk_log_usuario1_idx` (`idUsuario`),
  CONSTRAINT `fk_log_usuario1` FOREIGN KEY (`idUsuario`) REFERENCES `usuario` (`idUsuario`)
) ENGINE=InnoDB AUTO_INCREMENT=9 DEFAULT CHARSET=utf8mb3;
/*!40101 SET character_set_client = @saved_cs_client */;

--
-- Dumping data for table `log`
--

LOCK TABLES `log` WRITE;
/*!40000 ALTER TABLE `log` DISABLE KEYS */;
INSERT INTO `log` VALUES (1,'2025-03-14 03:03:47','2025-03-14 03:04:03',2),(2,'2025-03-14 03:04:15','2025-03-14 03:05:40',1),(3,'2025-03-14 19:25:08',NULL,1),(4,'2025-03-17 22:15:51','2025-03-17 22:18:03',2),(5,'2025-03-18 20:15:37','2025-03-18 20:16:20',1),(6,'2025-03-18 23:27:38','2025-03-18 23:27:47',1),(7,'2025-03-18 23:28:30','2025-03-18 23:29:45',1),(8,'2025-03-18 23:36:09','2025-03-18 23:36:31',2);
/*!40000 ALTER TABLE `log` ENABLE KEYS */;
UNLOCK TABLES;

--
-- Table structure for table `passageiro`
--

DROP TABLE IF EXISTS `passageiro`;
/*!40101 SET @saved_cs_client     = @@character_set_client */;
/*!50503 SET character_set_client = utf8mb4 */;
CREATE TABLE `passageiro` (
  `idPassageiro` int NOT NULL AUTO_INCREMENT,
  `nome` varchar(180) NOT NULL,
  `CPF` varchar(14) NOT NULL,
  `dtNascimento` date NOT NULL,
  `poltrona` int NOT NULL,
  `origem` varchar(150) NOT NULL,
  `destino` varchar(150) NOT NULL,
  `dataviagem` date NOT NULL,
  `idViagem` int NOT NULL,
  PRIMARY KEY (`idPassageiro`),
  UNIQUE KEY `idPassageiro_UNIQUE` (`idPassageiro`),
  KEY `fk_passageiro_viagem1_idx` (`idViagem`),
  CONSTRAINT `fk_passageiro_viagem1` FOREIGN KEY (`idViagem`) REFERENCES `viagem` (`idViagem`)
) ENGINE=InnoDB AUTO_INCREMENT=12 DEFAULT CHARSET=utf8mb3;
/*!40101 SET character_set_client = @saved_cs_client */;

--
-- Dumping data for table `passageiro`
--

LOCK TABLES `passageiro` WRITE;
/*!40000 ALTER TABLE `passageiro` DISABLE KEYS */;
INSERT INTO `passageiro` VALUES (1,'Bruno Lima','123.456.789-09','2000-06-22',29,'ITAPETINGA','VITÓRIA DA CONQUISTA','2025-03-14',1),(2,'Lucas Marques','070.376.785-20','2000-09-20',5,'ITAPETINGA','VITÓRIA DA CONQUISTA','2025-03-14',1),(3,'Gabriel Antônio','377.520.255-26','1983-03-02',21,'ITAPETINGA','VITÓRIA DA CONQUISTA','2025-03-14',1),(4,'Vitor Furtado','007.067.355-10','2006-02-06',40,'ITAPETINGA','VITÓRIA DA CONQUISTA','2025-03-14',1),(5,'Bruno Lima','123.456.789-09','2000-06-22',21,'ITAPETINGA','VITÓRIA DA CONQUISTA','2025-02-15',1),(6,'Bruno Lima','123.456.789-09','2000-06-22',36,'ITAPETINGA','VITÓRIA DA CONQUISTA','2025-05-12',1),(7,'Bruno Lira','123.456.789-09','2000-06-22',21,'ITAPETINGA','VITÓRIA DA CONQUISTA','2025-05-12',1),(8,'Bruno Lira','123.456.789-09','2000-06-22',23,'ITAPETINGA','VITÓRIA DA CONQUISTA','2025-05-12',1),(9,'Bruno Lira','123.456.789-09','2000-06-22',38,'ITAPETINGA','VITÓRIA DA CONQUISTA','2025-05-12',1),(10,'Bruno Lira','123.456.789-09','2000-06-22',40,'ITAPETINGA','VITÓRIA DA CONQUISTA','2025-05-12',1),(11,'Bruno Sousa','123.456.789-09','2002-08-24',25,'ITAPETINGA','VITÓRIA DA CONQUISTA','2025-03-30',1);
/*!40000 ALTER TABLE `passageiro` ENABLE KEYS */;
UNLOCK TABLES;

--
-- Table structure for table `pessoa`
--

DROP TABLE IF EXISTS `pessoa`;
/*!40101 SET @saved_cs_client     = @@character_set_client */;
/*!50503 SET character_set_client = utf8mb4 */;
CREATE TABLE `pessoa` (
  `idPessoa` int NOT NULL AUTO_INCREMENT,
  `nome` varchar(180) NOT NULL,
  `CPF` varchar(14) NOT NULL,
  `email` varchar(180) NOT NULL,
  `telefone` varchar(15) NOT NULL,
  `dtNascimento` date NOT NULL,
  PRIMARY KEY (`idPessoa`),
  UNIQUE KEY `idpessoa_UNIQUE` (`idPessoa`),
  UNIQUE KEY `CPF_UNIQUE` (`CPF`),
  UNIQUE KEY `email_UNIQUE` (`email`)
) ENGINE=InnoDB AUTO_INCREMENT=3 DEFAULT CHARSET=utf8mb3;
/*!40101 SET character_set_client = @saved_cs_client */;

--
-- Dumping data for table `pessoa`
--

LOCK TABLES `pessoa` WRITE;
/*!40000 ALTER TABLE `pessoa` DISABLE KEYS */;
INSERT INTO `pessoa` VALUES (1,'Bruno Sousa','091.319.945-12','brunosillva1079@gmail.com','(73)98835-9652','2002-08-24'),(2,'Bruno Sousa','123.456.789-09','jovenestudantex11@gmail.com','(73)98835-9652','2002-08-24');
/*!40000 ALTER TABLE `pessoa` ENABLE KEYS */;
UNLOCK TABLES;

--
-- Temporary view structure for view `quantidadevendida`
--

DROP TABLE IF EXISTS `quantidadevendida`;
/*!50001 DROP VIEW IF EXISTS `quantidadevendida`*/;
SET @saved_cs_client     = @@character_set_client;
/*!50503 SET character_set_client = utf8mb4 */;
/*!50001 CREATE VIEW `quantidadevendida` AS SELECT 
 1 AS `quantidadeVendida`*/;
SET character_set_client = @saved_cs_client;

--
-- Temporary view structure for view `ultimo_logado`
--

DROP TABLE IF EXISTS `ultimo_logado`;
/*!50001 DROP VIEW IF EXISTS `ultimo_logado`*/;
SET @saved_cs_client     = @@character_set_client;
/*!50503 SET character_set_client = utf8mb4 */;
/*!50001 CREATE VIEW `ultimo_logado` AS SELECT 
 1 AS `idLog`,
 1 AS `idUsuario`,
 1 AS `username`,
 1 AS `role`*/;
SET character_set_client = @saved_cs_client;

--
-- Table structure for table `usuario`
--

DROP TABLE IF EXISTS `usuario`;
/*!40101 SET @saved_cs_client     = @@character_set_client */;
/*!50503 SET character_set_client = utf8mb4 */;
CREATE TABLE `usuario` (
  `idUsuario` int NOT NULL AUTO_INCREMENT,
  `username` varchar(100) NOT NULL,
  `password` varchar(100) NOT NULL,
  `role` varchar(13) NOT NULL,
  `dtRegistro` timestamp NOT NULL,
  `status` varchar(10) NOT NULL,
  `idPessoa` int NOT NULL,
  PRIMARY KEY (`idUsuario`),
  UNIQUE KEY `idUsuario_UNIQUE` (`idUsuario`),
  UNIQUE KEY `username_UNIQUE` (`username`),
  KEY `fk_usuario_pessoa_idx` (`idPessoa`),
  CONSTRAINT `fk_usuario_pessoa` FOREIGN KEY (`idPessoa`) REFERENCES `pessoa` (`idPessoa`)
) ENGINE=InnoDB AUTO_INCREMENT=3 DEFAULT CHARSET=utf8mb3;
/*!40101 SET character_set_client = @saved_cs_client */;

--
-- Dumping data for table `usuario`
--

LOCK TABLES `usuario` WRITE;
/*!40000 ALTER TABLE `usuario` DISABLE KEYS */;
INSERT INTO `usuario` VALUES (1,'bruno.silva','a+7Ca2xfxgoeYyoPKnUwPzjFI7D2vNkY','Administrador','2025-03-11 03:00:00','Ativo',1),(2,'bruno.operador','5D7J8EfTY7PhB+OjFrBDHwoKJk7nD+AS','Operador','2025-03-11 03:00:00','Ativo',2);
/*!40000 ALTER TABLE `usuario` ENABLE KEYS */;
UNLOCK TABLES;

--
-- Table structure for table `venda`
--

DROP TABLE IF EXISTS `venda`;
/*!40101 SET @saved_cs_client     = @@character_set_client */;
/*!50503 SET character_set_client = utf8mb4 */;
CREATE TABLE `venda` (
  `idVenda` int NOT NULL AUTO_INCREMENT,
  `tarifa` double NOT NULL,
  `seguro` double NOT NULL,
  `valorTotal` double NOT NULL,
  `dtVenda` timestamp NOT NULL,
  `opcaoPagamento` varchar(17) NOT NULL,
  `status` varchar(15) NOT NULL,
  `bilhete` bigint NOT NULL,
  `idPassageiro` int NOT NULL,
  `idViagem` int NOT NULL,
  PRIMARY KEY (`idVenda`),
  UNIQUE KEY `idVenda_UNIQUE` (`idVenda`),
  KEY `fk_venda_passageiro1_idx` (`idPassageiro`),
  KEY `fk_venda_viagem1_idx` (`idViagem`),
  CONSTRAINT `fk_venda_passageiro1` FOREIGN KEY (`idPassageiro`) REFERENCES `passageiro` (`idPassageiro`),
  CONSTRAINT `fk_venda_viagem1` FOREIGN KEY (`idViagem`) REFERENCES `viagem` (`idViagem`)
) ENGINE=InnoDB AUTO_INCREMENT=8 DEFAULT CHARSET=utf8mb3;
/*!40101 SET character_set_client = @saved_cs_client */;

--
-- Dumping data for table `venda`
--

LOCK TABLES `venda` WRITE;
/*!40000 ALTER TABLE `venda` DISABLE KEYS */;
INSERT INTO `venda` VALUES (2,5,2,37,'2025-03-14 02:01:42','Dinheiro','EM VIGOR',1741917701690,6,1),(3,5,2,37,'2025-03-14 02:05:37','Dinheiro','EM VIGOR',1741917937235,7,1),(4,5,2,37,'2025-03-14 02:08:57','Dinheiro','EM VIGOR',1741918137188,8,1),(5,5,2,37,'2025-03-14 02:10:52','Dinheiro','CANCELADA',1741918252055,9,1),(6,5,2,37,'2025-03-14 02:14:17','Cartão de Crédito','EM VIGOR',1741918457380,10,1),(7,5,2,37,'2025-03-17 21:39:54','Dinheiro','EM VIGOR',1742247594177,11,1);
/*!40000 ALTER TABLE `venda` ENABLE KEYS */;
UNLOCK TABLES;

--
-- Table structure for table `viacao`
--

DROP TABLE IF EXISTS `viacao`;
/*!40101 SET @saved_cs_client     = @@character_set_client */;
/*!50503 SET character_set_client = utf8mb4 */;
CREATE TABLE `viacao` (
  `idViacao` int NOT NULL AUTO_INCREMENT,
  `nome` varchar(120) NOT NULL,
  `CNPJ` varchar(18) NOT NULL,
  `sede` varchar(250) NOT NULL,
  PRIMARY KEY (`idViacao`),
  UNIQUE KEY `CNPJ_UNIQUE` (`CNPJ`),
  UNIQUE KEY `nome_UNIQUE` (`nome`),
  UNIQUE KEY `idViacao_UNIQUE` (`idViacao`)
) ENGINE=InnoDB AUTO_INCREMENT=2 DEFAULT CHARSET=utf8mb3;
/*!40101 SET character_set_client = @saved_cs_client */;

--
-- Dumping data for table `viacao`
--

LOCK TABLES `viacao` WRITE;
/*!40000 ALTER TABLE `viacao` DISABLE KEYS */;
INSERT INTO `viacao` VALUES (1,'PASSABUS TRANSPORTES LTDA','52.853.083/0001-65','Pernambués, Salvador - BA, 41800-700');
/*!40000 ALTER TABLE `viacao` ENABLE KEYS */;
UNLOCK TABLES;

--
-- Table structure for table `viagem`
--

DROP TABLE IF EXISTS `viagem`;
/*!40101 SET @saved_cs_client     = @@character_set_client */;
/*!50503 SET character_set_client = utf8mb4 */;
CREATE TABLE `viagem` (
  `idViagem` int NOT NULL AUTO_INCREMENT,
  `origem` varchar(150) NOT NULL,
  `destino` varchar(150) NOT NULL,
  `distancia` double NOT NULL,
  `linha` varchar(300) NOT NULL,
  `tipoViagem` varchar(45) NOT NULL,
  `classe` varchar(45) NOT NULL,
  `horario` time NOT NULL,
  `idViacao` int NOT NULL,
  PRIMARY KEY (`idViagem`),
  UNIQUE KEY `idViagem_UNIQUE` (`idViagem`),
  KEY `fk_viagem_viacao1_idx` (`idViacao`),
  CONSTRAINT `fk_viagem_viacao1` FOREIGN KEY (`idViacao`) REFERENCES `viacao` (`idViacao`)
) ENGINE=InnoDB AUTO_INCREMENT=530 DEFAULT CHARSET=utf8mb3;
/*!40101 SET character_set_client = @saved_cs_client */;

--
-- Dumping data for table `viagem`
--

LOCK TABLES `viagem` WRITE;
/*!40000 ALTER TABLE `viagem` DISABLE KEYS */;
INSERT INTO `viagem` VALUES (1,'ITAPETINGA','VITÓRIA DA CONQUISTA',100,'ITABUNA - VITÓRIA DA CONQUISTA','ORDINÁRIA','CONVENCIONAL','08:00:00',1),(2,'SALVADOR','FEIRA DE SANTANA',110,'SALVADOR - FEIRA DE SANTANA','ORDINÁRIA','EXECUTIVO','06:00:00',1),(3,'SALVADOR','FEIRA DE SANTANA',110,'SALVADOR - FEIRA DE SANTANA','ORDINÁRIA','CONVENCIONAL','10:00:00',1),(4,'SALVADOR','FEIRA DE SANTANA',110,'SALVADOR - FEIRA DE SANTANA','ORDINÁRIA','EXECUTIVO','12:00:00',1),(5,'SALVADOR','FEIRA DE SANTANA',110,'SALVADOR - FEIRA DE SANTANA','ORDINÁRIA','CONVENCIONAL','15:00:00',1),(6,'SALVADOR','FEIRA DE SANTANA',110,'SALVADOR - FEIRA DE SANTANA','ORDINÁRIA','EXECUTIVO','17:00:00',1),(7,'SALVADOR','FEIRA DE SANTANA',110,'SALVADOR - FEIRA DE SANTANA','ORDINÁRIA','CONVENCIONAL','20:00:00',1),(8,'SALVADOR','VITÓRIA DA CONQUISTA',510,'SALVADOR - VITÓRIA DA CONQUISTA','ORDINÁRIA','EXECUTIVO','07:00:00',1),(9,'SALVADOR','VITÓRIA DA CONQUISTA',510,'SALVADOR - VITÓRIA DA CONQUISTA','ORDINÁRIA','CONVENCIONAL','09:00:00',1),(10,'SALVADOR','VITÓRIA DA CONQUISTA',510,'SALVADOR - VITÓRIA DA CONQUISTA','ORDINÁRIA','EXECUTIVO','12:00:00',1),(11,'SALVADOR','VITÓRIA DA CONQUISTA',510,'SALVADOR - VITÓRIA DA CONQUISTA','ORDINÁRIA','CONVENCIONAL','15:00:00',1),(12,'SALVADOR','VITÓRIA DA CONQUISTA',510,'SALVADOR - VITÓRIA DA CONQUISTA','ORDINÁRIA','EXECUTIVO','18:00:00',1),(13,'SALVADOR','VITÓRIA DA CONQUISTA',510,'SALVADOR - VITÓRIA DA CONQUISTA','ORDINÁRIA','CONVENCIONAL','20:00:00',1),(14,'SALVADOR','ILHÉUS',460,'SALVADOR - ILHÉUS','ORDINÁRIA','EXECUTIVO','08:00:00',1),(15,'SALVADOR','ILHÉUS',460,'SALVADOR - ILHÉUS','ORDINÁRIA','CONVENCIONAL','10:00:00',1),(16,'SALVADOR','ILHÉUS',460,'SALVADOR - ILHÉUS','ORDINÁRIA','EXECUTIVO','12:00:00',1),(17,'SALVADOR','ILHÉUS',460,'SALVADOR - ILHÉUS','ORDINÁRIA','CONVENCIONAL','15:00:00',1),(18,'SALVADOR','ILHÉUS',460,'SALVADOR - ILHÉUS','ORDINÁRIA','EXECUTIVO','17:00:00',1),(19,'SALVADOR','ILHÉUS',460,'SALVADOR - ILHÉUS','ORDINÁRIA','CONVENCIONAL','20:00:00',1),(20,'SALVADOR','ITABUNA',460,'SALVADOR - ITABUNA','ORDINÁRIA','EXECUTIVO','08:00:00',1),(21,'SALVADOR','ITABUNA',460,'SALVADOR - ITABUNA','ORDINÁRIA','CONVENCIONAL','10:00:00',1),(22,'SALVADOR','ITABUNA',460,'SALVADOR - ITABUNA','ORDINÁRIA','EXECUTIVO','12:00:00',1),(23,'SALVADOR','ITABUNA',460,'SALVADOR - ITABUNA','ORDINÁRIA','CONVENCIONAL','15:00:00',1),(24,'SALVADOR','ITABUNA',460,'SALVADOR - ITABUNA','ORDINÁRIA','EXECUTIVO','17:00:00',1),(25,'SALVADOR','ITABUNA',460,'SALVADOR - ITABUNA','ORDINÁRIA','CONVENCIONAL','20:00:00',1),(26,'SALVADOR','BARREIRAS',800,'SALVADOR - BARREIRAS','ORDINÁRIA','EXECUTIVO','09:00:00',1),(27,'SALVADOR','BARREIRAS',800,'SALVADOR - BARREIRAS','ORDINÁRIA','CONVENCIONAL','12:00:00',1),(28,'SALVADOR','BARREIRAS',800,'SALVADOR - BARREIRAS','ORDINÁRIA','EXECUTIVO','14:00:00',1),(29,'SALVADOR','BARREIRAS',800,'SALVADOR - BARREIRAS','ORDINÁRIA','CONVENCIONAL','16:00:00',1),(30,'SALVADOR','BARREIRAS',800,'SALVADOR - BARREIRAS','ORDINÁRIA','EXECUTIVO','18:00:00',1),(31,'SALVADOR','BARREIRAS',800,'SALVADOR - BARREIRAS','ORDINÁRIA','CONVENCIONAL','20:00:00',1),(32,'SALVADOR','JUAZEIRO',540,'SALVADOR - JUAZEIRO','ORDINÁRIA','EXECUTIVO','07:00:00',1),(33,'SALVADOR','JUAZEIRO',540,'SALVADOR - JUAZEIRO','ORDINÁRIA','CONVENCIONAL','10:00:00',1),(34,'SALVADOR','JUAZEIRO',540,'SALVADOR - JUAZEIRO','ORDINÁRIA','EXECUTIVO','12:00:00',1),(35,'SALVADOR','JUAZEIRO',540,'SALVADOR - JUAZEIRO','ORDINÁRIA','CONVENCIONAL','15:00:00',1),(36,'SALVADOR','JUAZEIRO',540,'SALVADOR - JUAZEIRO','ORDINÁRIA','EXECUTIVO','18:00:00',1),(37,'SALVADOR','JUAZEIRO',540,'SALVADOR - JUAZEIRO','ORDINÁRIA','CONVENCIONAL','20:00:00',1),(38,'SALVADOR','PORTO SEGURO',700,'SALVADOR - PORTO SEGURO','ORDINÁRIA','EXECUTIVO','08:00:00',1),(39,'SALVADOR','PORTO SEGURO',700,'SALVADOR - PORTO SEGURO','ORDINÁRIA','CONVENCIONAL','10:00:00',1),(40,'SALVADOR','PORTO SEGURO',700,'SALVADOR - PORTO SEGURO','ORDINÁRIA','EXECUTIVO','12:00:00',1),(41,'SALVADOR','PORTO SEGURO',700,'SALVADOR - PORTO SEGURO','ORDINÁRIA','CONVENCIONAL','15:00:00',1),(42,'SALVADOR','PORTO SEGURO',700,'SALVADOR - PORTO SEGURO','ORDINÁRIA','EXECUTIVO','17:00:00',1),(43,'SALVADOR','PORTO SEGURO',700,'SALVADOR - PORTO SEGURO','ORDINÁRIA','CONVENCIONAL','20:00:00',1),(44,'SALVADOR','TEIXEIRA DE FREITAS',650,'SALVADOR - TEIXEIRA DE FREITAS','ORDINÁRIA','EXECUTIVO','08:00:00',1),(45,'SALVADOR','TEIXEIRA DE FREITAS',650,'SALVADOR - TEIXEIRA DE FREITAS','ORDINÁRIA','CONVENCIONAL','10:00:00',1),(46,'SALVADOR','TEIXEIRA DE FREITAS',650,'SALVADOR - TEIXEIRA DE FREITAS','ORDINÁRIA','EXECUTIVO','12:00:00',1),(47,'SALVADOR','TEIXEIRA DE FREITAS',650,'SALVADOR - TEIXEIRA DE FREITAS','ORDINÁRIA','CONVENCIONAL','15:00:00',1),(48,'SALVADOR','TEIXEIRA DE FREITAS',650,'SALVADOR - TEIXEIRA DE FREITAS','ORDINÁRIA','EXECUTIVO','17:00:00',1),(49,'SALVADOR','TEIXEIRA DE FREITAS',650,'SALVADOR - TEIXEIRA DE FREITAS','ORDINÁRIA','CONVENCIONAL','20:00:00',1),(50,'SALVADOR','EUNÁPOLIS',620,'SALVADOR - EUNÁPOLIS','ORDINÁRIA','EXECUTIVO','08:00:00',1),(51,'SALVADOR','EUNÁPOLIS',620,'SALVADOR - EUNÁPOLIS','ORDINÁRIA','CONVENCIONAL','10:00:00',1),(52,'SALVADOR','EUNÁPOLIS',620,'SALVADOR - EUNÁPOLIS','ORDINÁRIA','EXECUTIVO','12:00:00',1),(53,'SALVADOR','EUNÁPOLIS',620,'SALVADOR - EUNÁPOLIS','ORDINÁRIA','CONVENCIONAL','15:00:00',1),(54,'SALVADOR','EUNÁPOLIS',620,'SALVADOR - EUNÁPOLIS','ORDINÁRIA','EXECUTIVO','17:00:00',1),(55,'SALVADOR','EUNÁPOLIS',620,'SALVADOR - EUNÁPOLIS','ORDINÁRIA','CONVENCIONAL','20:00:00',1),(56,'FEIRA DE SANTANA','VITÓRIA DA CONQUISTA',270,'FEIRA DE SANTANA - VITÓRIA DA CONQUISTA','ORDINÁRIA','EXECUTIVO','07:00:00',1),(57,'FEIRA DE SANTANA','VITÓRIA DA CONQUISTA',270,'FEIRA DE SANTANA - VITÓRIA DA CONQUISTA','ORDINÁRIA','CONVENCIONAL','10:00:00',1),(58,'FEIRA DE SANTANA','VITÓRIA DA CONQUISTA',270,'FEIRA DE SANTANA - VITÓRIA DA CONQUISTA','ORDINÁRIA','EXECUTIVO','12:00:00',1),(59,'FEIRA DE SANTANA','VITÓRIA DA CONQUISTA',270,'FEIRA DE SANTANA - VITÓRIA DA CONQUISTA','ORDINÁRIA','CONVENCIONAL','15:00:00',1),(60,'FEIRA DE SANTANA','VITÓRIA DA CONQUISTA',270,'FEIRA DE SANTANA - VITÓRIA DA CONQUISTA','ORDINÁRIA','EXECUTIVO','17:00:00',1),(61,'FEIRA DE SANTANA','VITÓRIA DA CONQUISTA',270,'FEIRA DE SANTANA - VITÓRIA DA CONQUISTA','ORDINÁRIA','CONVENCIONAL','20:00:00',1),(62,'FEIRA DE SANTANA','ILHÉUS',370,'FEIRA DE SANTANA - ILHÉUS','ORDINÁRIA','EXECUTIVO','08:00:00',1),(63,'FEIRA DE SANTANA','ILHÉUS',370,'FEIRA DE SANTANA - ILHÉUS','ORDINÁRIA','CONVENCIONAL','10:00:00',1),(64,'FEIRA DE SANTANA','ILHÉUS',370,'FEIRA DE SANTANA - ILHÉUS','ORDINÁRIA','EXECUTIVO','12:00:00',1),(65,'FEIRA DE SANTANA','ILHÉUS',370,'FEIRA DE SANTANA - ILHÉUS','ORDINÁRIA','CONVENCIONAL','15:00:00',1),(66,'FEIRA DE SANTANA','ILHÉUS',370,'FEIRA DE SANTANA - ILHÉUS','ORDINÁRIA','EXECUTIVO','17:00:00',1),(67,'FEIRA DE SANTANA','ILHÉUS',370,'FEIRA DE SANTANA - ILHÉUS','ORDINÁRIA','CONVENCIONAL','20:00:00',1),(68,'FEIRA DE SANTANA','ITABUNA',380,'FEIRA DE SANTANA - ITABUNA','ORDINÁRIA','EXECUTIVO','08:00:00',1),(69,'FEIRA DE SANTANA','ITABUNA',380,'FEIRA DE SANTANA - ITABUNA','ORDINÁRIA','CONVENCIONAL','10:00:00',1),(70,'FEIRA DE SANTANA','ITABUNA',380,'FEIRA DE SANTANA - ITABUNA','ORDINÁRIA','EXECUTIVO','12:00:00',1),(71,'FEIRA DE SANTANA','ITABUNA',380,'FEIRA DE SANTANA - ITABUNA','ORDINÁRIA','CONVENCIONAL','15:00:00',1),(72,'FEIRA DE SANTANA','ITABUNA',380,'FEIRA DE SANTANA - ITABUNA','ORDINÁRIA','EXECUTIVO','17:00:00',1),(73,'FEIRA DE SANTANA','ITABUNA',380,'FEIRA DE SANTANA - ITABUNA','ORDINÁRIA','CONVENCIONAL','20:00:00',1),(74,'FEIRA DE SANTANA','BARREIRAS',530,'FEIRA DE SANTANA - BARREIRAS','ORDINÁRIA','EXECUTIVO','09:00:00',1),(75,'FEIRA DE SANTANA','BARREIRAS',530,'FEIRA DE SANTANA - BARREIRAS','ORDINÁRIA','CONVENCIONAL','12:00:00',1),(76,'FEIRA DE SANTANA','BARREIRAS',530,'FEIRA DE SANTANA - BARREIRAS','ORDINÁRIA','EXECUTIVO','14:00:00',1),(77,'FEIRA DE SANTANA','BARREIRAS',530,'FEIRA DE SANTANA - BARREIRAS','ORDINÁRIA','CONVENCIONAL','16:00:00',1),(78,'FEIRA DE SANTANA','BARREIRAS',530,'FEIRA DE SANTANA - BARREIRAS','ORDINÁRIA','EXECUTIVO','18:00:00',1),(79,'FEIRA DE SANTANA','BARREIRAS',530,'FEIRA DE SANTANA - BARREIRAS','ORDINÁRIA','CONVENCIONAL','20:00:00',1),(80,'FEIRA DE SANTANA','JUAZEIRO',350,'FEIRA DE SANTANA - JUAZEIRO','ORDINÁRIA','EXECUTIVO','07:00:00',1),(81,'FEIRA DE SANTANA','JUAZEIRO',350,'FEIRA DE SANTANA - JUAZEIRO','ORDINÁRIA','CONVENCIONAL','10:00:00',1),(82,'FEIRA DE SANTANA','JUAZEIRO',350,'FEIRA DE SANTANA - JUAZEIRO','ORDINÁRIA','EXECUTIVO','12:00:00',1),(83,'FEIRA DE SANTANA','JUAZEIRO',350,'FEIRA DE SANTANA - JUAZEIRO','ORDINÁRIA','CONVENCIONAL','15:00:00',1),(84,'FEIRA DE SANTANA','JUAZEIRO',350,'FEIRA DE SANTANA - JUAZEIRO','ORDINÁRIA','EXECUTIVO','18:00:00',1),(85,'FEIRA DE SANTANA','JUAZEIRO',350,'FEIRA DE SANTANA - JUAZEIRO','ORDINÁRIA','CONVENCIONAL','20:00:00',1),(86,'FEIRA DE SANTANA','PORTO SEGURO',600,'FEIRA DE SANTANA - PORTO SEGURO','ORDINÁRIA','EXECUTIVO','08:00:00',1),(87,'FEIRA DE SANTANA','PORTO SEGURO',600,'FEIRA DE SANTANA - PORTO SEGURO','ORDINÁRIA','CONVENCIONAL','10:00:00',1),(88,'FEIRA DE SANTANA','PORTO SEGURO',600,'FEIRA DE SANTANA - PORTO SEGURO','ORDINÁRIA','EXECUTIVO','12:00:00',1),(89,'FEIRA DE SANTANA','PORTO SEGURO',600,'FEIRA DE SANTANA - PORTO SEGURO','ORDINÁRIA','CONVENCIONAL','15:00:00',1),(90,'FEIRA DE SANTANA','PORTO SEGURO',600,'FEIRA DE SANTANA - PORTO SEGURO','ORDINÁRIA','EXECUTIVO','17:00:00',1),(91,'FEIRA DE SANTANA','PORTO SEGURO',600,'FEIRA DE SANTANA - PORTO SEGURO','ORDINÁRIA','CONVENCIONAL','20:00:00',1),(92,'FEIRA DE SANTANA','TEIXEIRA DE FREITAS',550,'FEIRA DE SANTANA - TEIXEIRA DE FREITAS','ORDINÁRIA','EXECUTIVO','08:00:00',1),(93,'FEIRA DE SANTANA','TEIXEIRA DE FREITAS',550,'FEIRA DE SANTANA - TEIXEIRA DE FREITAS','ORDINÁRIA','CONVENCIONAL','10:00:00',1),(94,'FEIRA DE SANTANA','TEIXEIRA DE FREITAS',550,'FEIRA DE SANTANA - TEIXEIRA DE FREITAS','ORDINÁRIA','EXECUTIVO','12:00:00',1),(95,'FEIRA DE SANTANA','TEIXEIRA DE FREITAS',550,'FEIRA DE SANTANA - TEIXEIRA DE FREITAS','ORDINÁRIA','CONVENCIONAL','15:00:00',1),(96,'FEIRA DE SANTANA','TEIXEIRA DE FREITAS',550,'FEIRA DE SANTANA - TEIXEIRA DE FREITAS','ORDINÁRIA','EXECUTIVO','17:00:00',1),(97,'FEIRA DE SANTANA','TEIXEIRA DE FREITAS',550,'FEIRA DE SANTANA - TEIXEIRA DE FREITAS','ORDINÁRIA','CONVENCIONAL','20:00:00',1),(98,'FEIRA DE SANTANA','EUNÁPOLIS',580,'FEIRA DE SANTANA - EUNÁPOLIS','ORDINÁRIA','EXECUTIVO','08:00:00',1),(99,'FEIRA DE SANTANA','EUNÁPOLIS',580,'FEIRA DE SANTANA - EUNÁPOLIS','ORDINÁRIA','CONVENCIONAL','10:00:00',1),(100,'FEIRA DE SANTANA','EUNÁPOLIS',580,'FEIRA DE SANTANA - EUNÁPOLIS','ORDINÁRIA','EXECUTIVO','12:00:00',1),(101,'FEIRA DE SANTANA','EUNÁPOLIS',580,'FEIRA DE SANTANA - EUNÁPOLIS','ORDINÁRIA','CONVENCIONAL','15:00:00',1),(102,'FEIRA DE SANTANA','EUNÁPOLIS',580,'FEIRA DE SANTANA - EUNÁPOLIS','ORDINÁRIA','EXECUTIVO','17:00:00',1),(103,'FEIRA DE SANTANA','EUNÁPOLIS',580,'FEIRA DE SANTANA - EUNÁPOLIS','ORDINÁRIA','CONVENCIONAL','20:00:00',1),(104,'VITÓRIA DA CONQUISTA','SALVADOR',510,'VITÓRIA DA CONQUISTA - SALVADOR','ORDINÁRIA','EXECUTIVO','07:00:00',1),(105,'VITÓRIA DA CONQUISTA','SALVADOR',510,'VITÓRIA DA CONQUISTA - SALVADOR','ORDINÁRIA','CONVENCIONAL','10:00:00',1),(106,'VITÓRIA DA CONQUISTA','SALVADOR',510,'VITÓRIA DA CONQUISTA - SALVADOR','ORDINÁRIA','EXECUTIVO','12:00:00',1),(107,'VITÓRIA DA CONQUISTA','SALVADOR',510,'VITÓRIA DA CONQUISTA - SALVADOR','ORDINÁRIA','CONVENCIONAL','15:00:00',1),(108,'VITÓRIA DA CONQUISTA','SALVADOR',510,'VITÓRIA DA CONQUISTA - SALVADOR','ORDINÁRIA','EXECUTIVO','17:00:00',1),(109,'VITÓRIA DA CONQUISTA','SALVADOR',510,'VITÓRIA DA CONQUISTA - SALVADOR','ORDINÁRIA','CONVENCIONAL','20:00:00',1),(110,'VITÓRIA DA CONQUISTA','ILHÉUS',380,'VITÓRIA DA CONQUISTA - ILHÉUS','ORDINÁRIA','EXECUTIVO','08:00:00',1),(111,'VITÓRIA DA CONQUISTA','ILHÉUS',380,'VITÓRIA DA CONQUISTA - ILHÉUS','ORDINÁRIA','CONVENCIONAL','10:00:00',1),(112,'VITÓRIA DA CONQUISTA','ILHÉUS',380,'VITÓRIA DA CONQUISTA - ILHÉUS','ORDINÁRIA','EXECUTIVO','12:00:00',1),(113,'VITÓRIA DA CONQUISTA','ILHÉUS',380,'VITÓRIA DA CONQUISTA - ILHÉUS','ORDINÁRIA','CONVENCIONAL','15:00:00',1),(114,'VITÓRIA DA CONQUISTA','ILHÉUS',380,'VITÓRIA DA CONQUISTA - ILHÉUS','ORDINÁRIA','EXECUTIVO','17:00:00',1),(115,'VITÓRIA DA CONQUISTA','ILHÉUS',380,'VITÓRIA DA CONQUISTA - ILHÉUS','ORDINÁRIA','CONVENCIONAL','20:00:00',1),(116,'VITÓRIA DA CONQUISTA','ITABUNA',400,'VITÓRIA DA CONQUISTA - ITABUNA','ORDINÁRIA','EXECUTIVO','08:00:00',1),(117,'VITÓRIA DA CONQUISTA','ITABUNA',400,'VITÓRIA DA CONQUISTA - ITABUNA','ORDINÁRIA','CONVENCIONAL','10:00:00',1),(118,'VITÓRIA DA CONQUISTA','ITABUNA',400,'VITÓRIA DA CONQUISTA - ITABUNA','ORDINÁRIA','EXECUTIVO','12:00:00',1),(119,'VITÓRIA DA CONQUISTA','ITABUNA',400,'VITÓRIA DA CONQUISTA - ITABUNA','ORDINÁRIA','CONVENCIONAL','15:00:00',1),(120,'VITÓRIA DA CONQUISTA','ITABUNA',400,'VITÓRIA DA CONQUISTA - ITABUNA','ORDINÁRIA','EXECUTIVO','17:00:00',1),(121,'VITÓRIA DA CONQUISTA','ITABUNA',400,'VITÓRIA DA CONQUISTA - ITABUNA','ORDINÁRIA','CONVENCIONAL','20:00:00',1),(122,'VITÓRIA DA CONQUISTA','BARREIRAS',470,'VITÓRIA DA CONQUISTA - BARREIRAS','ORDINÁRIA','EXECUTIVO','09:00:00',1),(123,'VITÓRIA DA CONQUISTA','BARREIRAS',470,'VITÓRIA DA CONQUISTA - BARREIRAS','ORDINÁRIA','CONVENCIONAL','12:00:00',1),(124,'VITÓRIA DA CONQUISTA','BARREIRAS',470,'VITÓRIA DA CONQUISTA - BARREIRAS','ORDINÁRIA','EXECUTIVO','14:00:00',1),(125,'VITÓRIA DA CONQUISTA','BARREIRAS',470,'VITÓRIA DA CONQUISTA - BARREIRAS','ORDINÁRIA','CONVENCIONAL','16:00:00',1),(126,'VITÓRIA DA CONQUISTA','BARREIRAS',470,'VITÓRIA DA CONQUISTA - BARREIRAS','ORDINÁRIA','EXECUTIVO','18:00:00',1),(127,'VITÓRIA DA CONQUISTA','BARREIRAS',470,'VITÓRIA DA CONQUISTA - BARREIRAS','ORDINÁRIA','CONVENCIONAL','20:00:00',1),(128,'VITÓRIA DA CONQUISTA','JUAZEIRO',350,'VITÓRIA DA CONQUISTA - JUAZEIRO','ORDINÁRIA','EXECUTIVO','07:00:00',1),(129,'VITÓRIA DA CONQUISTA','JUAZEIRO',350,'VITÓRIA DA CONQUISTA - JUAZEIRO','ORDINÁRIA','CONVENCIONAL','10:00:00',1),(130,'VITÓRIA DA CONQUISTA','JUAZEIRO',350,'VITÓRIA DA CONQUISTA - JUAZEIRO','ORDINÁRIA','EXECUTIVO','12:00:00',1),(131,'VITÓRIA DA CONQUISTA','JUAZEIRO',350,'VITÓRIA DA CONQUISTA - JUAZEIRO','ORDINÁRIA','CONVENCIONAL','15:00:00',1),(132,'VITÓRIA DA CONQUISTA','JUAZEIRO',350,'VITÓRIA DA CONQUISTA - JUAZEIRO','ORDINÁRIA','EXECUTIVO','18:00:00',1),(133,'VITÓRIA DA CONQUISTA','JUAZEIRO',350,'VITÓRIA DA CONQUISTA - JUAZEIRO','ORDINÁRIA','CONVENCIONAL','20:00:00',1),(134,'VITÓRIA DA CONQUISTA','PORTO SEGURO',520,'VITÓRIA DA CONQUISTA - PORTO SEGURO','ORDINÁRIA','EXECUTIVO','08:00:00',1),(135,'VITÓRIA DA CONQUISTA','PORTO SEGURO',520,'VITÓRIA DA CONQUISTA - PORTO SEGURO','ORDINÁRIA','CONVENCIONAL','10:00:00',1),(136,'VITÓRIA DA CONQUISTA','PORTO SEGURO',520,'VITÓRIA DA CONQUISTA - PORTO SEGURO','ORDINÁRIA','EXECUTIVO','12:00:00',1),(137,'VITÓRIA DA CONQUISTA','PORTO SEGURO',520,'VITÓRIA DA CONQUISTA - PORTO SEGURO','ORDINÁRIA','CONVENCIONAL','15:00:00',1),(138,'VITÓRIA DA CONQUISTA','PORTO SEGURO',520,'VITÓRIA DA CONQUISTA - PORTO SEGURO','ORDINÁRIA','EXECUTIVO','17:00:00',1),(139,'VITÓRIA DA CONQUISTA','PORTO SEGURO',520,'VITÓRIA DA CONQUISTA - PORTO SEGURO','ORDINÁRIA','CONVENCIONAL','20:00:00',1),(140,'VITÓRIA DA CONQUISTA','TEIXEIRA DE FREITAS',530,'VITÓRIA DA CONQUISTA - TEIXEIRA DE FREITAS','ORDINÁRIA','EXECUTIVO','08:00:00',1),(141,'VITÓRIA DA CONQUISTA','TEIXEIRA DE FREITAS',530,'VITÓRIA DA CONQUISTA - TEIXEIRA DE FREITAS','ORDINÁRIA','CONVENCIONAL','10:00:00',1),(142,'VITÓRIA DA CONQUISTA','TEIXEIRA DE FREITAS',530,'VITÓRIA DA CONQUISTA - TEIXEIRA DE FREITAS','ORDINÁRIA','EXECUTIVO','12:00:00',1),(143,'VITÓRIA DA CONQUISTA','TEIXEIRA DE FREITAS',530,'VITÓRIA DA CONQUISTA - TEIXEIRA DE FREITAS','ORDINÁRIA','CONVENCIONAL','15:00:00',1),(144,'VITÓRIA DA CONQUISTA','TEIXEIRA DE FREITAS',530,'VITÓRIA DA CONQUISTA - TEIXEIRA DE FREITAS','ORDINÁRIA','EXECUTIVO','17:00:00',1),(145,'VITÓRIA DA CONQUISTA','TEIXEIRA DE FREITAS',530,'VITÓRIA DA CONQUISTA - TEIXEIRA DE FREITAS','ORDINÁRIA','CONVENCIONAL','20:00:00',1),(146,'VITÓRIA DA CONQUISTA','EUNÁPOLIS',460,'VITÓRIA DA CONQUISTA - EUNÁPOLIS','ORDINÁRIA','EXECUTIVO','08:00:00',1),(147,'VITÓRIA DA CONQUISTA','EUNÁPOLIS',460,'VITÓRIA DA CONQUISTA - EUNÁPOLIS','ORDINÁRIA','CONVENCIONAL','10:00:00',1),(148,'VITÓRIA DA CONQUISTA','EUNÁPOLIS',460,'VITÓRIA DA CONQUISTA - EUNÁPOLIS','ORDINÁRIA','EXECUTIVO','12:00:00',1),(149,'VITÓRIA DA CONQUISTA','EUNÁPOLIS',460,'VITÓRIA DA CONQUISTA - EUNÁPOLIS','ORDINÁRIA','CONVENCIONAL','15:00:00',1),(150,'VITÓRIA DA CONQUISTA','EUNÁPOLIS',460,'VITÓRIA DA CONQUISTA - EUNÁPOLIS','ORDINÁRIA','EXECUTIVO','17:00:00',1),(151,'VITÓRIA DA CONQUISTA','EUNÁPOLIS',460,'VITÓRIA DA CONQUISTA - EUNÁPOLIS','ORDINÁRIA','CONVENCIONAL','20:00:00',1),(152,'ILHÉUS','SALVADOR',460,'ILHÉUS - SALVADOR','ORDINÁRIA','EXECUTIVO','07:00:00',1),(153,'ILHÉUS','SALVADOR',460,'ILHÉUS - SALVADOR','ORDINÁRIA','CONVENCIONAL','10:00:00',1),(154,'ILHÉUS','SALVADOR',460,'ILHÉUS - SALVADOR','ORDINÁRIA','EXECUTIVO','12:00:00',1),(155,'ILHÉUS','SALVADOR',460,'ILHÉUS - SALVADOR','ORDINÁRIA','CONVENCIONAL','15:00:00',1),(156,'ILHÉUS','SALVADOR',460,'ILHÉUS - SALVADOR','ORDINÁRIA','EXECUTIVO','17:00:00',1),(157,'ILHÉUS','SALVADOR',460,'ILHÉUS - SALVADOR','ORDINÁRIA','CONVENCIONAL','20:00:00',1),(158,'ILHÉUS','FEIRA DE SANTANA',530,'ILHÉUS - FEIRA DE SANTANA','ORDINÁRIA','EXECUTIVO','08:00:00',1),(159,'ILHÉUS','FEIRA DE SANTANA',530,'ILHÉUS - FEIRA DE SANTANA','ORDINÁRIA','CONVENCIONAL','10:00:00',1),(160,'ILHÉUS','FEIRA DE SANTANA',530,'ILHÉUS - FEIRA DE SANTANA','ORDINÁRIA','EXECUTIVO','12:00:00',1),(161,'ILHÉUS','FEIRA DE SANTANA',530,'ILHÉUS - FEIRA DE SANTANA','ORDINÁRIA','CONVENCIONAL','15:00:00',1),(162,'ILHÉUS','FEIRA DE SANTANA',530,'ILHÉUS - FEIRA DE SANTANA','ORDINÁRIA','EXECUTIVO','17:00:00',1),(163,'ILHÉUS','FEIRA DE SANTANA',530,'ILHÉUS - FEIRA DE SANTANA','ORDINÁRIA','CONVENCIONAL','20:00:00',1),(164,'ILHÉUS','VITÓRIA DA CONQUISTA',380,'ILHÉUS - VITÓRIA DA CONQUISTA','ORDINÁRIA','EXECUTIVO','08:00:00',1),(165,'ILHÉUS','VITÓRIA DA CONQUISTA',380,'ILHÉUS - VITÓRIA DA CONQUISTA','ORDINÁRIA','CONVENCIONAL','10:00:00',1),(166,'ILHÉUS','VITÓRIA DA CONQUISTA',380,'ILHÉUS - VITÓRIA DA CONQUISTA','ORDINÁRIA','EXECUTIVO','12:00:00',1),(167,'ILHÉUS','VITÓRIA DA CONQUISTA',380,'ILHÉUS - VITÓRIA DA CONQUISTA','ORDINÁRIA','CONVENCIONAL','15:00:00',1),(168,'ILHÉUS','VITÓRIA DA CONQUISTA',380,'ILHÉUS - VITÓRIA DA CONQUISTA','ORDINÁRIA','EXECUTIVO','17:00:00',1),(169,'ILHÉUS','VITÓRIA DA CONQUISTA',380,'ILHÉUS - VITÓRIA DA CONQUISTA','ORDINÁRIA','CONVENCIONAL','20:00:00',1),(170,'ILHÉUS','ITABUNA',35,'ILHÉUS - ITABUNA','ORDINÁRIA','EXECUTIVO','08:00:00',1),(171,'ILHÉUS','ITABUNA',35,'ILHÉUS - ITABUNA','ORDINÁRIA','CONVENCIONAL','10:00:00',1),(172,'ILHÉUS','ITABUNA',35,'ILHÉUS - ITABUNA','ORDINÁRIA','EXECUTIVO','12:00:00',1),(173,'ILHÉUS','ITABUNA',35,'ILHÉUS - ITABUNA','ORDINÁRIA','CONVENCIONAL','15:00:00',1),(174,'ILHÉUS','ITABUNA',35,'ILHÉUS - ITABUNA','ORDINÁRIA','EXECUTIVO','17:00:00',1),(175,'ILHÉUS','ITABUNA',35,'ILHÉUS - ITABUNA','ORDINÁRIA','CONVENCIONAL','20:00:00',1),(176,'ILHÉUS','BARREIRAS',590,'ILHÉUS - BARREIRAS','ORDINÁRIA','EXECUTIVO','09:00:00',1),(177,'ILHÉUS','BARREIRAS',590,'ILHÉUS - BARREIRAS','ORDINÁRIA','CONVENCIONAL','12:00:00',1),(178,'ILHÉUS','BARREIRAS',590,'ILHÉUS - BARREIRAS','ORDINÁRIA','EXECUTIVO','14:00:00',1),(179,'ILHÉUS','BARREIRAS',590,'ILHÉUS - BARREIRAS','ORDINÁRIA','CONVENCIONAL','16:00:00',1),(180,'ILHÉUS','BARREIRAS',590,'ILHÉUS - BARREIRAS','ORDINÁRIA','EXECUTIVO','18:00:00',1),(181,'ILHÉUS','BARREIRAS',590,'ILHÉUS - BARREIRAS','ORDINÁRIA','CONVENCIONAL','20:00:00',1),(182,'ILHÉUS','JUAZEIRO',680,'ILHÉUS - JUAZEIRO','ORDINÁRIA','EXECUTIVO','07:00:00',1),(183,'ILHÉUS','JUAZEIRO',680,'ILHÉUS - JUAZEIRO','ORDINÁRIA','CONVENCIONAL','10:00:00',1),(184,'ILHÉUS','JUAZEIRO',680,'ILHÉUS - JUAZEIRO','ORDINÁRIA','EXECUTIVO','12:00:00',1),(185,'ILHÉUS','JUAZEIRO',680,'ILHÉUS - JUAZEIRO','ORDINÁRIA','CONVENCIONAL','15:00:00',1),(186,'ILHÉUS','JUAZEIRO',680,'ILHÉUS - JUAZEIRO','ORDINÁRIA','EXECUTIVO','18:00:00',1),(187,'ILHÉUS','JUAZEIRO',680,'ILHÉUS - JUAZEIRO','ORDINÁRIA','CONVENCIONAL','20:00:00',1),(188,'ILHÉUS','PORTO SEGURO',250,'ILHÉUS - PORTO SEGURO','ORDINÁRIA','EXECUTIVO','08:00:00',1),(189,'ILHÉUS','PORTO SEGURO',250,'ILHÉUS - PORTO SEGURO','ORDINÁRIA','CONVENCIONAL','10:00:00',1),(190,'ILHÉUS','PORTO SEGURO',250,'ILHÉUS - PORTO SEGURO','ORDINÁRIA','EXECUTIVO','12:00:00',1),(191,'ILHÉUS','PORTO SEGURO',250,'ILHÉUS - PORTO SEGURO','ORDINÁRIA','CONVENCIONAL','15:00:00',1),(192,'ILHÉUS','PORTO SEGURO',250,'ILHÉUS - PORTO SEGURO','ORDINÁRIA','EXECUTIVO','17:00:00',1),(193,'ILHÉUS','PORTO SEGURO',250,'ILHÉUS - PORTO SEGURO','ORDINÁRIA','CONVENCIONAL','20:00:00',1),(194,'ILHÉUS','TEIXEIRA DE FREITAS',330,'ILHÉUS - TEIXEIRA DE FREITAS','ORDINÁRIA','EXECUTIVO','08:00:00',1),(195,'ILHÉUS','TEIXEIRA DE FREITAS',330,'ILHÉUS - TEIXEIRA DE FREITAS','ORDINÁRIA','CONVENCIONAL','10:00:00',1),(196,'ILHÉUS','TEIXEIRA DE FREITAS',330,'ILHÉUS - TEIXEIRA DE FREITAS','ORDINÁRIA','EXECUTIVO','12:00:00',1),(197,'ILHÉUS','TEIXEIRA DE FREITAS',330,'ILHÉUS - TEIXEIRA DE FREITAS','ORDINÁRIA','CONVENCIONAL','15:00:00',1),(198,'ILHÉUS','TEIXEIRA DE FREITAS',330,'ILHÉUS - TEIXEIRA DE FREITAS','ORDINÁRIA','EXECUTIVO','17:00:00',1),(199,'ILHÉUS','TEIXEIRA DE FREITAS',330,'ILHÉUS - TEIXEIRA DE FREITAS','ORDINÁRIA','CONVENCIONAL','20:00:00',1),(200,'ILHÉUS','EUNÁPOLIS',310,'ILHÉUS - EUNÁPOLIS','ORDINÁRIA','EXECUTIVO','08:00:00',1),(201,'ILHÉUS','EUNÁPOLIS',310,'ILHÉUS - EUNÁPOLIS','ORDINÁRIA','CONVENCIONAL','10:00:00',1),(202,'ILHÉUS','EUNÁPOLIS',310,'ILHÉUS - EUNÁPOLIS','ORDINÁRIA','EXECUTIVO','12:00:00',1),(203,'ILHÉUS','EUNÁPOLIS',310,'ILHÉUS - EUNÁPOLIS','ORDINÁRIA','CONVENCIONAL','15:00:00',1),(204,'ILHÉUS','EUNÁPOLIS',310,'ILHÉUS - EUNÁPOLIS','ORDINÁRIA','EXECUTIVO','17:00:00',1),(205,'ILHÉUS','EUNÁPOLIS',310,'ILHÉUS - EUNÁPOLIS','ORDINÁRIA','CONVENCIONAL','20:00:00',1),(206,'ITABUNA','SALVADOR',460,'ITABUNA - SALVADOR','ORDINÁRIA','EXECUTIVO','07:00:00',1),(207,'ITABUNA','SALVADOR',460,'ITABUNA - SALVADOR','ORDINÁRIA','CONVENCIONAL','10:00:00',1),(208,'ITABUNA','SALVADOR',460,'ITABUNA - SALVADOR','ORDINÁRIA','EXECUTIVO','12:00:00',1),(209,'ITABUNA','SALVADOR',460,'ITABUNA - SALVADOR','ORDINÁRIA','CONVENCIONAL','15:00:00',1),(210,'ITABUNA','SALVADOR',460,'ITABUNA - SALVADOR','ORDINÁRIA','EXECUTIVO','17:00:00',1),(211,'ITABUNA','SALVADOR',460,'ITABUNA - SALVADOR','ORDINÁRIA','CONVENCIONAL','20:00:00',1),(212,'ITABUNA','FEIRA DE SANTANA',530,'ITABUNA - FEIRA DE SANTANA','ORDINÁRIA','EXECUTIVO','08:00:00',1),(213,'ITABUNA','FEIRA DE SANTANA',530,'ITABUNA - FEIRA DE SANTANA','ORDINÁRIA','CONVENCIONAL','10:00:00',1),(214,'ITABUNA','FEIRA DE SANTANA',530,'ITABUNA - FEIRA DE SANTANA','ORDINÁRIA','EXECUTIVO','12:00:00',1),(215,'ITABUNA','FEIRA DE SANTANA',530,'ITABUNA - FEIRA DE SANTANA','ORDINÁRIA','CONVENCIONAL','15:00:00',1),(216,'ITABUNA','FEIRA DE SANTANA',530,'ITABUNA - FEIRA DE SANTANA','ORDINÁRIA','EXECUTIVO','17:00:00',1),(217,'ITABUNA','FEIRA DE SANTANA',530,'ITABUNA - FEIRA DE SANTANA','ORDINÁRIA','CONVENCIONAL','20:00:00',1),(218,'ITABUNA','VITÓRIA DA CONQUISTA',380,'ITABUNA - VITÓRIA DA CONQUISTA','ORDINÁRIA','EXECUTIVO','08:00:00',1),(219,'ITABUNA','VITÓRIA DA CONQUISTA',380,'ITABUNA - VITÓRIA DA CONQUISTA','ORDINÁRIA','CONVENCIONAL','10:00:00',1),(220,'ITABUNA','VITÓRIA DA CONQUISTA',380,'ITABUNA - VITÓRIA DA CONQUISTA','ORDINÁRIA','EXECUTIVO','12:00:00',1),(221,'ITABUNA','VITÓRIA DA CONQUISTA',380,'ITABUNA - VITÓRIA DA CONQUISTA','ORDINÁRIA','CONVENCIONAL','15:00:00',1),(222,'ITABUNA','VITÓRIA DA CONQUISTA',380,'ITABUNA - VITÓRIA DA CONQUISTA','ORDINÁRIA','EXECUTIVO','17:00:00',1),(223,'ITABUNA','VITÓRIA DA CONQUISTA',380,'ITABUNA - VITÓRIA DA CONQUISTA','ORDINÁRIA','CONVENCIONAL','20:00:00',1),(224,'ITABUNA','ILHÉUS',35,'ITABUNA - ILHÉUS','ORDINÁRIA','EXECUTIVO','08:00:00',1),(225,'ITABUNA','ILHÉUS',35,'ITABUNA - ILHÉUS','ORDINÁRIA','CONVENCIONAL','10:00:00',1),(226,'ITABUNA','ILHÉUS',35,'ITABUNA - ILHÉUS','ORDINÁRIA','EXECUTIVO','12:00:00',1),(227,'ITABUNA','ILHÉUS',35,'ITABUNA - ILHÉUS','ORDINÁRIA','CONVENCIONAL','15:00:00',1),(228,'ITABUNA','ILHÉUS',35,'ITABUNA - ILHÉUS','ORDINÁRIA','EXECUTIVO','17:00:00',1),(229,'ITABUNA','ILHÉUS',35,'ITABUNA - ILHÉUS','ORDINÁRIA','CONVENCIONAL','20:00:00',1),(230,'ITABUNA','BARREIRAS',590,'ITABUNA - BARREIRAS','ORDINÁRIA','EXECUTIVO','09:00:00',1),(231,'ITABUNA','BARREIRAS',590,'ITABUNA - BARREIRAS','ORDINÁRIA','CONVENCIONAL','12:00:00',1),(232,'ITABUNA','BARREIRAS',590,'ITABUNA - BARREIRAS','ORDINÁRIA','EXECUTIVO','14:00:00',1),(233,'ITABUNA','BARREIRAS',590,'ITABUNA - BARREIRAS','ORDINÁRIA','CONVENCIONAL','16:00:00',1),(234,'ITABUNA','BARREIRAS',590,'ITABUNA - BARREIRAS','ORDINÁRIA','EXECUTIVO','18:00:00',1),(235,'ITABUNA','BARREIRAS',590,'ITABUNA - BARREIRAS','ORDINÁRIA','CONVENCIONAL','20:00:00',1),(236,'ITABUNA','JUAZEIRO',680,'ITABUNA - JUAZEIRO','ORDINÁRIA','EXECUTIVO','07:00:00',1),(237,'ITABUNA','JUAZEIRO',680,'ITABUNA - JUAZEIRO','ORDINÁRIA','CONVENCIONAL','10:00:00',1),(238,'ITABUNA','JUAZEIRO',680,'ITABUNA - JUAZEIRO','ORDINÁRIA','EXECUTIVO','12:00:00',1),(239,'ITABUNA','JUAZEIRO',680,'ITABUNA - JUAZEIRO','ORDINÁRIA','CONVENCIONAL','15:00:00',1),(240,'ITABUNA','JUAZEIRO',680,'ITABUNA - JUAZEIRO','ORDINÁRIA','EXECUTIVO','18:00:00',1),(241,'ITABUNA','JUAZEIRO',680,'ITABUNA - JUAZEIRO','ORDINÁRIA','CONVENCIONAL','20:00:00',1),(242,'ITABUNA','PORTO SEGURO',250,'ITABUNA - PORTO SEGURO','ORDINÁRIA','EXECUTIVO','08:00:00',1),(243,'ITABUNA','PORTO SEGURO',250,'ITABUNA - PORTO SEGURO','ORDINÁRIA','CONVENCIONAL','10:00:00',1),(244,'ITABUNA','PORTO SEGURO',250,'ITABUNA - PORTO SEGURO','ORDINÁRIA','EXECUTIVO','12:00:00',1),(245,'ITABUNA','PORTO SEGURO',250,'ITABUNA - PORTO SEGURO','ORDINÁRIA','CONVENCIONAL','15:00:00',1),(246,'ITABUNA','PORTO SEGURO',250,'ITABUNA - PORTO SEGURO','ORDINÁRIA','EXECUTIVO','17:00:00',1),(247,'ITABUNA','PORTO SEGURO',250,'ITABUNA - PORTO SEGURO','ORDINÁRIA','CONVENCIONAL','20:00:00',1),(248,'ITABUNA','TEIXEIRA DE FREITAS',330,'ITABUNA - TEIXEIRA DE FREITAS','ORDINÁRIA','EXECUTIVO','08:00:00',1),(249,'ITABUNA','TEIXEIRA DE FREITAS',330,'ITABUNA - TEIXEIRA DE FREITAS','ORDINÁRIA','CONVENCIONAL','10:00:00',1),(250,'ITABUNA','TEIXEIRA DE FREITAS',330,'ITABUNA - TEIXEIRA DE FREITAS','ORDINÁRIA','EXECUTIVO','12:00:00',1),(251,'ITABUNA','TEIXEIRA DE FREITAS',330,'ITABUNA - TEIXEIRA DE FREITAS','ORDINÁRIA','CONVENCIONAL','15:00:00',1),(252,'ITABUNA','TEIXEIRA DE FREITAS',330,'ITABUNA - TEIXEIRA DE FREITAS','ORDINÁRIA','EXECUTIVO','17:00:00',1),(253,'ITABUNA','TEIXEIRA DE FREITAS',330,'ITABUNA - TEIXEIRA DE FREITAS','ORDINÁRIA','CONVENCIONAL','20:00:00',1),(254,'ITABUNA','EUNÁPOLIS',310,'ITABUNA - EUNÁPOLIS','ORDINÁRIA','EXECUTIVO','08:00:00',1),(255,'ITABUNA','EUNÁPOLIS',310,'ITABUNA - EUNÁPOLIS','ORDINÁRIA','CONVENCIONAL','10:00:00',1),(256,'ITABUNA','EUNÁPOLIS',310,'ITABUNA - EUNÁPOLIS','ORDINÁRIA','EXECUTIVO','12:00:00',1),(257,'ITABUNA','EUNÁPOLIS',310,'ITABUNA - EUNÁPOLIS','ORDINÁRIA','CONVENCIONAL','15:00:00',1),(258,'ITABUNA','EUNÁPOLIS',310,'ITABUNA - EUNÁPOLIS','ORDINÁRIA','EXECUTIVO','17:00:00',1),(259,'ITABUNA','EUNÁPOLIS',310,'ITABUNA - EUNÁPOLIS','ORDINÁRIA','CONVENCIONAL','20:00:00',1),(260,'BARREIRAS','SALVADOR',730,'BARREIRAS - SALVADOR','ORDINÁRIA','EXECUTIVO','08:00:00',1),(261,'BARREIRAS','SALVADOR',730,'BARREIRAS - SALVADOR','ORDINÁRIA','CONVENCIONAL','10:00:00',1),(262,'BARREIRAS','SALVADOR',730,'BARREIRAS - SALVADOR','ORDINÁRIA','EXECUTIVO','12:00:00',1),(263,'BARREIRAS','SALVADOR',730,'BARREIRAS - SALVADOR','ORDINÁRIA','CONVENCIONAL','15:00:00',1),(264,'BARREIRAS','SALVADOR',730,'BARREIRAS - SALVADOR','ORDINÁRIA','EXECUTIVO','17:00:00',1),(265,'BARREIRAS','SALVADOR',730,'BARREIRAS - SALVADOR','ORDINÁRIA','CONVENCIONAL','20:00:00',1),(266,'BARREIRAS','FEIRA DE SANTANA',600,'BARREIRAS - FEIRA DE SANTANA','ORDINÁRIA','EXECUTIVO','08:00:00',1),(267,'BARREIRAS','FEIRA DE SANTANA',600,'BARREIRAS - FEIRA DE SANTANA','ORDINÁRIA','CONVENCIONAL','10:00:00',1),(268,'BARREIRAS','FEIRA DE SANTANA',600,'BARREIRAS - FEIRA DE SANTANA','ORDINÁRIA','EXECUTIVO','12:00:00',1),(269,'BARREIRAS','FEIRA DE SANTANA',600,'BARREIRAS - FEIRA DE SANTANA','ORDINÁRIA','CONVENCIONAL','15:00:00',1),(270,'BARREIRAS','FEIRA DE SANTANA',600,'BARREIRAS - FEIRA DE SANTANA','ORDINÁRIA','EXECUTIVO','17:00:00',1),(271,'BARREIRAS','FEIRA DE SANTANA',600,'BARREIRAS - FEIRA DE SANTANA','ORDINÁRIA','CONVENCIONAL','20:00:00',1),(272,'BARREIRAS','VITÓRIA DA CONQUISTA',550,'BARREIRAS - VITÓRIA DA CONQUISTA','ORDINÁRIA','EXECUTIVO','08:00:00',1),(273,'BARREIRAS','VITÓRIA DA CONQUISTA',550,'BARREIRAS - VITÓRIA DA CONQUISTA','ORDINÁRIA','CONVENCIONAL','10:00:00',1),(274,'BARREIRAS','VITÓRIA DA CONQUISTA',550,'BARREIRAS - VITÓRIA DA CONQUISTA','ORDINÁRIA','EXECUTIVO','12:00:00',1),(275,'BARREIRAS','VITÓRIA DA CONQUISTA',550,'BARREIRAS - VITÓRIA DA CONQUISTA','ORDINÁRIA','CONVENCIONAL','15:00:00',1),(276,'BARREIRAS','VITÓRIA DA CONQUISTA',550,'BARREIRAS - VITÓRIA DA CONQUISTA','ORDINÁRIA','EXECUTIVO','17:00:00',1),(277,'BARREIRAS','VITÓRIA DA CONQUISTA',550,'BARREIRAS - VITÓRIA DA CONQUISTA','ORDINÁRIA','CONVENCIONAL','20:00:00',1),(278,'BARREIRAS','ILHÉUS',700,'BARREIRAS - ILHÉUS','ORDINÁRIA','EXECUTIVO','08:00:00',1),(279,'BARREIRAS','ILHÉUS',700,'BARREIRAS - ILHÉUS','ORDINÁRIA','CONVENCIONAL','10:00:00',1),(280,'BARREIRAS','ILHÉUS',700,'BARREIRAS - ILHÉUS','ORDINÁRIA','EXECUTIVO','12:00:00',1),(281,'BARREIRAS','ILHÉUS',700,'BARREIRAS - ILHÉUS','ORDINÁRIA','CONVENCIONAL','15:00:00',1),(282,'BARREIRAS','ILHÉUS',700,'BARREIRAS - ILHÉUS','ORDINÁRIA','EXECUTIVO','17:00:00',1),(283,'BARREIRAS','ILHÉUS',700,'BARREIRAS - ILHÉUS','ORDINÁRIA','CONVENCIONAL','20:00:00',1),(284,'BARREIRAS','ITABUNA',590,'BARREIRAS - ITABUNA','ORDINÁRIA','EXECUTIVO','08:00:00',1),(285,'BARREIRAS','ITABUNA',590,'BARREIRAS - ITABUNA','ORDINÁRIA','CONVENCIONAL','10:00:00',1),(286,'BARREIRAS','ITABUNA',590,'BARREIRAS - ITABUNA','ORDINÁRIA','EXECUTIVO','12:00:00',1),(287,'BARREIRAS','ITABUNA',590,'BARREIRAS - ITABUNA','ORDINÁRIA','CONVENCIONAL','15:00:00',1),(288,'BARREIRAS','ITABUNA',590,'BARREIRAS - ITABUNA','ORDINÁRIA','EXECUTIVO','17:00:00',1),(289,'BARREIRAS','ITABUNA',590,'BARREIRAS - ITABUNA','ORDINÁRIA','CONVENCIONAL','20:00:00',1),(290,'BARREIRAS','JUAZEIRO',700,'BARREIRAS - JUAZEIRO','ORDINÁRIA','EXECUTIVO','08:00:00',1),(291,'BARREIRAS','JUAZEIRO',700,'BARREIRAS - JUAZEIRO','ORDINÁRIA','CONVENCIONAL','10:00:00',1),(292,'BARREIRAS','JUAZEIRO',700,'BARREIRAS - JUAZEIRO','ORDINÁRIA','EXECUTIVO','12:00:00',1),(293,'BARREIRAS','JUAZEIRO',700,'BARREIRAS - JUAZEIRO','ORDINÁRIA','CONVENCIONAL','15:00:00',1),(294,'BARREIRAS','JUAZEIRO',700,'BARREIRAS - JUAZEIRO','ORDINÁRIA','EXECUTIVO','17:00:00',1),(295,'BARREIRAS','JUAZEIRO',700,'BARREIRAS - JUAZEIRO','ORDINÁRIA','CONVENCIONAL','20:00:00',1),(296,'BARREIRAS','PORTO SEGURO',450,'BARREIRAS - PORTO SEGURO','ORDINÁRIA','EXECUTIVO','08:00:00',1),(297,'BARREIRAS','PORTO SEGURO',450,'BARREIRAS - PORTO SEGURO','ORDINÁRIA','CONVENCIONAL','10:00:00',1),(298,'BARREIRAS','PORTO SEGURO',450,'BARREIRAS - PORTO SEGURO','ORDINÁRIA','EXECUTIVO','12:00:00',1),(299,'BARREIRAS','PORTO SEGURO',450,'BARREIRAS - PORTO SEGURO','ORDINÁRIA','CONVENCIONAL','15:00:00',1),(300,'BARREIRAS','PORTO SEGURO',450,'BARREIRAS - PORTO SEGURO','ORDINÁRIA','EXECUTIVO','17:00:00',1),(301,'BARREIRAS','PORTO SEGURO',450,'BARREIRAS - PORTO SEGURO','ORDINÁRIA','CONVENCIONAL','20:00:00',1),(302,'BARREIRAS','TEIXEIRA DE FREITAS',540,'BARREIRAS - TEIXEIRA DE FREITAS','ORDINÁRIA','EXECUTIVO','08:00:00',1),(303,'BARREIRAS','TEIXEIRA DE FREITAS',540,'BARREIRAS - TEIXEIRA DE FREITAS','ORDINÁRIA','CONVENCIONAL','10:00:00',1),(304,'BARREIRAS','TEIXEIRA DE FREITAS',540,'BARREIRAS - TEIXEIRA DE FREITAS','ORDINÁRIA','EXECUTIVO','12:00:00',1),(305,'BARREIRAS','TEIXEIRA DE FREITAS',540,'BARREIRAS - TEIXEIRA DE FREITAS','ORDINÁRIA','CONVENCIONAL','15:00:00',1),(306,'BARREIRAS','TEIXEIRA DE FREITAS',540,'BARREIRAS - TEIXEIRA DE FREITAS','ORDINÁRIA','EXECUTIVO','17:00:00',1),(307,'BARREIRAS','TEIXEIRA DE FREITAS',540,'BARREIRAS - TEIXEIRA DE FREITAS','ORDINÁRIA','CONVENCIONAL','20:00:00',1),(308,'BARREIRAS','EUNÁPOLIS',400,'BARREIRAS - EUNÁPOLIS','ORDINÁRIA','EXECUTIVO','08:00:00',1),(309,'BARREIRAS','EUNÁPOLIS',400,'BARREIRAS - EUNÁPOLIS','ORDINÁRIA','CONVENCIONAL','10:00:00',1),(310,'BARREIRAS','EUNÁPOLIS',400,'BARREIRAS - EUNÁPOLIS','ORDINÁRIA','EXECUTIVO','12:00:00',1),(311,'BARREIRAS','EUNÁPOLIS',400,'BARREIRAS - EUNÁPOLIS','ORDINÁRIA','CONVENCIONAL','15:00:00',1),(312,'BARREIRAS','EUNÁPOLIS',400,'BARREIRAS - EUNÁPOLIS','ORDINÁRIA','EXECUTIVO','17:00:00',1),(313,'BARREIRAS','EUNÁPOLIS',400,'BARREIRAS - EUNÁPOLIS','ORDINÁRIA','CONVENCIONAL','20:00:00',1),(314,'JUAZEIRO','SALVADOR',500,'JUAZEIRO - SALVADOR','ORDINÁRIA','EXECUTIVO','08:00:00',1),(315,'JUAZEIRO','SALVADOR',500,'JUAZEIRO - SALVADOR','ORDINÁRIA','CONVENCIONAL','10:00:00',1),(316,'JUAZEIRO','SALVADOR',500,'JUAZEIRO - SALVADOR','ORDINÁRIA','EXECUTIVO','12:00:00',1),(317,'JUAZEIRO','SALVADOR',500,'JUAZEIRO - SALVADOR','ORDINÁRIA','CONVENCIONAL','15:00:00',1),(318,'JUAZEIRO','SALVADOR',500,'JUAZEIRO - SALVADOR','ORDINÁRIA','EXECUTIVO','17:00:00',1),(319,'JUAZEIRO','SALVADOR',500,'JUAZEIRO - SALVADOR','ORDINÁRIA','CONVENCIONAL','20:00:00',1),(320,'JUAZEIRO','FEIRA DE SANTANA',450,'JUAZEIRO - FEIRA DE SANTANA','ORDINÁRIA','EXECUTIVO','08:00:00',1),(321,'JUAZEIRO','FEIRA DE SANTANA',450,'JUAZEIRO - FEIRA DE SANTANA','ORDINÁRIA','CONVENCIONAL','10:00:00',1),(322,'JUAZEIRO','FEIRA DE SANTANA',450,'JUAZEIRO - FEIRA DE SANTANA','ORDINÁRIA','EXECUTIVO','12:00:00',1),(323,'JUAZEIRO','FEIRA DE SANTANA',450,'JUAZEIRO - FEIRA DE SANTANA','ORDINÁRIA','CONVENCIONAL','15:00:00',1),(324,'JUAZEIRO','FEIRA DE SANTANA',450,'JUAZEIRO - FEIRA DE SANTANA','ORDINÁRIA','EXECUTIVO','17:00:00',1),(325,'JUAZEIRO','FEIRA DE SANTANA',450,'JUAZEIRO - FEIRA DE SANTANA','ORDINÁRIA','CONVENCIONAL','20:00:00',1),(326,'JUAZEIRO','VITÓRIA DA CONQUISTA',480,'JUAZEIRO - VITÓRIA DA CONQUISTA','ORDINÁRIA','EXECUTIVO','08:00:00',1),(327,'JUAZEIRO','VITÓRIA DA CONQUISTA',480,'JUAZEIRO - VITÓRIA DA CONQUISTA','ORDINÁRIA','CONVENCIONAL','10:00:00',1),(328,'JUAZEIRO','VITÓRIA DA CONQUISTA',480,'JUAZEIRO - VITÓRIA DA CONQUISTA','ORDINÁRIA','EXECUTIVO','12:00:00',1),(329,'JUAZEIRO','VITÓRIA DA CONQUISTA',480,'JUAZEIRO - VITÓRIA DA CONQUISTA','ORDINÁRIA','CONVENCIONAL','15:00:00',1),(330,'JUAZEIRO','VITÓRIA DA CONQUISTA',480,'JUAZEIRO - VITÓRIA DA CONQUISTA','ORDINÁRIA','EXECUTIVO','17:00:00',1),(331,'JUAZEIRO','VITÓRIA DA CONQUISTA',480,'JUAZEIRO - VITÓRIA DA CONQUISTA','ORDINÁRIA','CONVENCIONAL','20:00:00',1),(332,'JUAZEIRO','ILHÉUS',580,'JUAZEIRO - ILHÉUS','ORDINÁRIA','EXECUTIVO','08:00:00',1),(333,'JUAZEIRO','ILHÉUS',580,'JUAZEIRO - ILHÉUS','ORDINÁRIA','CONVENCIONAL','10:00:00',1),(334,'JUAZEIRO','ILHÉUS',580,'JUAZEIRO - ILHÉUS','ORDINÁRIA','EXECUTIVO','12:00:00',1),(335,'JUAZEIRO','ILHÉUS',580,'JUAZEIRO - ILHÉUS','ORDINÁRIA','CONVENCIONAL','15:00:00',1),(336,'JUAZEIRO','ILHÉUS',580,'JUAZEIRO - ILHÉUS','ORDINÁRIA','EXECUTIVO','17:00:00',1),(337,'JUAZEIRO','ILHÉUS',580,'JUAZEIRO - ILHÉUS','ORDINÁRIA','CONVENCIONAL','20:00:00',1),(338,'JUAZEIRO','ITABUNA',550,'JUAZEIRO - ITABUNA','ORDINÁRIA','EXECUTIVO','08:00:00',1),(339,'JUAZEIRO','ITABUNA',550,'JUAZEIRO - ITABUNA','ORDINÁRIA','CONVENCIONAL','10:00:00',1),(340,'JUAZEIRO','ITABUNA',550,'JUAZEIRO - ITABUNA','ORDINÁRIA','EXECUTIVO','12:00:00',1),(341,'JUAZEIRO','ITABUNA',550,'JUAZEIRO - ITABUNA','ORDINÁRIA','CONVENCIONAL','15:00:00',1),(342,'JUAZEIRO','ITABUNA',550,'JUAZEIRO - ITABUNA','ORDINÁRIA','EXECUTIVO','17:00:00',1),(343,'JUAZEIRO','ITABUNA',550,'JUAZEIRO - ITABUNA','ORDINÁRIA','CONVENCIONAL','20:00:00',1),(344,'JUAZEIRO','BARREIRAS',700,'JUAZEIRO - BARREIRAS','ORDINÁRIA','EXECUTIVO','08:00:00',1),(345,'JUAZEIRO','BARREIRAS',700,'JUAZEIRO - BARREIRAS','ORDINÁRIA','CONVENCIONAL','10:00:00',1),(346,'JUAZEIRO','BARREIRAS',700,'JUAZEIRO - BARREIRAS','ORDINÁRIA','EXECUTIVO','12:00:00',1),(347,'JUAZEIRO','BARREIRAS',700,'JUAZEIRO - BARREIRAS','ORDINÁRIA','CONVENCIONAL','15:00:00',1),(348,'JUAZEIRO','BARREIRAS',700,'JUAZEIRO - BARREIRAS','ORDINÁRIA','EXECUTIVO','17:00:00',1),(349,'JUAZEIRO','BARREIRAS',700,'JUAZEIRO - BARREIRAS','ORDINÁRIA','CONVENCIONAL','20:00:00',1),(350,'JUAZEIRO','PORTO SEGURO',550,'JUAZEIRO - PORTO SEGURO','ORDINÁRIA','EXECUTIVO','08:00:00',1),(351,'JUAZEIRO','PORTO SEGURO',550,'JUAZEIRO - PORTO SEGURO','ORDINÁRIA','CONVENCIONAL','10:00:00',1),(352,'JUAZEIRO','PORTO SEGURO',550,'JUAZEIRO - PORTO SEGURO','ORDINÁRIA','EXECUTIVO','12:00:00',1),(353,'JUAZEIRO','PORTO SEGURO',550,'JUAZEIRO - PORTO SEGURO','ORDINÁRIA','CONVENCIONAL','15:00:00',1),(354,'JUAZEIRO','PORTO SEGURO',550,'JUAZEIRO - PORTO SEGURO','ORDINÁRIA','EXECUTIVO','17:00:00',1),(355,'JUAZEIRO','PORTO SEGURO',550,'JUAZEIRO - PORTO SEGURO','ORDINÁRIA','CONVENCIONAL','20:00:00',1),(356,'JUAZEIRO','TEIXEIRA DE FREITAS',650,'JUAZEIRO - TEIXEIRA DE FREITAS','ORDINÁRIA','EXECUTIVO','08:00:00',1),(357,'JUAZEIRO','TEIXEIRA DE FREITAS',650,'JUAZEIRO - TEIXEIRA DE FREITAS','ORDINÁRIA','CONVENCIONAL','10:00:00',1),(358,'JUAZEIRO','TEIXEIRA DE FREITAS',650,'JUAZEIRO - TEIXEIRA DE FREITAS','ORDINÁRIA','EXECUTIVO','12:00:00',1),(359,'JUAZEIRO','TEIXEIRA DE FREITAS',650,'JUAZEIRO - TEIXEIRA DE FREITAS','ORDINÁRIA','CONVENCIONAL','15:00:00',1),(360,'JUAZEIRO','TEIXEIRA DE FREITAS',650,'JUAZEIRO - TEIXEIRA DE FREITAS','ORDINÁRIA','EXECUTIVO','17:00:00',1),(361,'JUAZEIRO','TEIXEIRA DE FREITAS',650,'JUAZEIRO - TEIXEIRA DE FREITAS','ORDINÁRIA','CONVENCIONAL','20:00:00',1),(362,'JUAZEIRO','EUNÁPOLIS',450,'JUAZEIRO - EUNÁPOLIS','ORDINÁRIA','EXECUTIVO','08:00:00',1),(363,'JUAZEIRO','EUNÁPOLIS',450,'JUAZEIRO - EUNÁPOLIS','ORDINÁRIA','CONVENCIONAL','10:00:00',1),(364,'JUAZEIRO','EUNÁPOLIS',450,'JUAZEIRO - EUNÁPOLIS','ORDINÁRIA','EXECUTIVO','12:00:00',1),(365,'JUAZEIRO','EUNÁPOLIS',450,'JUAZEIRO - EUNÁPOLIS','ORDINÁRIA','CONVENCIONAL','15:00:00',1),(366,'JUAZEIRO','EUNÁPOLIS',450,'JUAZEIRO - EUNÁPOLIS','ORDINÁRIA','EXECUTIVO','17:00:00',1),(367,'JUAZEIRO','EUNÁPOLIS',450,'JUAZEIRO - EUNÁPOLIS','ORDINÁRIA','CONVENCIONAL','20:00:00',1),(368,'PORTO SEGURO','SALVADOR',700,'PORTO SEGURO - SALVADOR','ORDINÁRIA','EXECUTIVO','08:00:00',1),(369,'PORTO SEGURO','SALVADOR',700,'PORTO SEGURO - SALVADOR','ORDINÁRIA','CONVENCIONAL','10:00:00',1),(370,'PORTO SEGURO','SALVADOR',700,'PORTO SEGURO - SALVADOR','ORDINÁRIA','EXECUTIVO','12:00:00',1),(371,'PORTO SEGURO','SALVADOR',700,'PORTO SEGURO - SALVADOR','ORDINÁRIA','CONVENCIONAL','15:00:00',1),(372,'PORTO SEGURO','SALVADOR',700,'PORTO SEGURO - SALVADOR','ORDINÁRIA','EXECUTIVO','17:00:00',1),(373,'PORTO SEGURO','SALVADOR',700,'PORTO SEGURO - SALVADOR','ORDINÁRIA','CONVENCIONAL','20:00:00',1),(374,'PORTO SEGURO','FEIRA DE SANTANA',650,'PORTO SEGURO - FEIRA DE SANTANA','ORDINÁRIA','EXECUTIVO','08:00:00',1),(375,'PORTO SEGURO','FEIRA DE SANTANA',650,'PORTO SEGURO - FEIRA DE SANTANA','ORDINÁRIA','CONVENCIONAL','10:00:00',1),(376,'PORTO SEGURO','FEIRA DE SANTANA',650,'PORTO SEGURO - FEIRA DE SANTANA','ORDINÁRIA','EXECUTIVO','12:00:00',1),(377,'PORTO SEGURO','FEIRA DE SANTANA',650,'PORTO SEGURO - FEIRA DE SANTANA','ORDINÁRIA','CONVENCIONAL','15:00:00',1),(378,'PORTO SEGURO','FEIRA DE SANTANA',650,'PORTO SEGURO - FEIRA DE SANTANA','ORDINÁRIA','EXECUTIVO','17:00:00',1),(379,'PORTO SEGURO','FEIRA DE SANTANA',650,'PORTO SEGURO - FEIRA DE SANTANA','ORDINÁRIA','CONVENCIONAL','20:00:00',1),(380,'PORTO SEGURO','VITÓRIA DA CONQUISTA',620,'PORTO SEGURO - VITÓRIA DA CONQUISTA','ORDINÁRIA','EXECUTIVO','08:00:00',1),(381,'PORTO SEGURO','VITÓRIA DA CONQUISTA',620,'PORTO SEGURO - VITÓRIA DA CONQUISTA','ORDINÁRIA','CONVENCIONAL','10:00:00',1),(382,'PORTO SEGURO','VITÓRIA DA CONQUISTA',620,'PORTO SEGURO - VITÓRIA DA CONQUISTA','ORDINÁRIA','EXECUTIVO','12:00:00',1),(383,'PORTO SEGURO','VITÓRIA DA CONQUISTA',620,'PORTO SEGURO - VITÓRIA DA CONQUISTA','ORDINÁRIA','CONVENCIONAL','15:00:00',1),(384,'PORTO SEGURO','VITÓRIA DA CONQUISTA',620,'PORTO SEGURO - VITÓRIA DA CONQUISTA','ORDINÁRIA','EXECUTIVO','17:00:00',1),(385,'PORTO SEGURO','VITÓRIA DA CONQUISTA',620,'PORTO SEGURO - VITÓRIA DA CONQUISTA','ORDINÁRIA','CONVENCIONAL','20:00:00',1),(386,'PORTO SEGURO','ILHÉUS',220,'PORTO SEGURO - ILHÉUS','ORDINÁRIA','EXECUTIVO','08:00:00',1),(387,'PORTO SEGURO','ILHÉUS',220,'PORTO SEGURO - ILHÉUS','ORDINÁRIA','CONVENCIONAL','10:00:00',1),(388,'PORTO SEGURO','ILHÉUS',220,'PORTO SEGURO - ILHÉUS','ORDINÁRIA','EXECUTIVO','12:00:00',1),(389,'PORTO SEGURO','ILHÉUS',220,'PORTO SEGURO - ILHÉUS','ORDINÁRIA','CONVENCIONAL','15:00:00',1),(390,'PORTO SEGURO','ILHÉUS',220,'PORTO SEGURO - ILHÉUS','ORDINÁRIA','EXECUTIVO','17:00:00',1),(391,'PORTO SEGURO','ILHÉUS',220,'PORTO SEGURO - ILHÉUS','ORDINÁRIA','CONVENCIONAL','20:00:00',1),(392,'PORTO SEGURO','ITABUNA',270,'PORTO SEGURO - ITABUNA','ORDINÁRIA','EXECUTIVO','08:00:00',1),(393,'PORTO SEGURO','ITABUNA',270,'PORTO SEGURO - ITABUNA','ORDINÁRIA','CONVENCIONAL','10:00:00',1),(394,'PORTO SEGURO','ITABUNA',270,'PORTO SEGURO - ITABUNA','ORDINÁRIA','EXECUTIVO','12:00:00',1),(395,'PORTO SEGURO','ITABUNA',270,'PORTO SEGURO - ITABUNA','ORDINÁRIA','CONVENCIONAL','15:00:00',1),(396,'PORTO SEGURO','ITABUNA',270,'PORTO SEGURO - ITABUNA','ORDINÁRIA','EXECUTIVO','17:00:00',1),(397,'PORTO SEGURO','ITABUNA',270,'PORTO SEGURO - ITABUNA','ORDINÁRIA','CONVENCIONAL','20:00:00',1),(398,'PORTO SEGURO','BARREIRAS',950,'PORTO SEGURO - BARREIRAS','ORDINÁRIA','EXECUTIVO','08:00:00',1),(399,'PORTO SEGURO','BARREIRAS',950,'PORTO SEGURO - BARREIRAS','ORDINÁRIA','CONVENCIONAL','10:00:00',1),(400,'PORTO SEGURO','BARREIRAS',950,'PORTO SEGURO - BARREIRAS','ORDINÁRIA','EXECUTIVO','12:00:00',1),(401,'PORTO SEGURO','BARREIRAS',950,'PORTO SEGURO - BARREIRAS','ORDINÁRIA','CONVENCIONAL','15:00:00',1),(402,'PORTO SEGURO','BARREIRAS',950,'PORTO SEGURO - BARREIRAS','ORDINÁRIA','EXECUTIVO','17:00:00',1),(403,'PORTO SEGURO','BARREIRAS',950,'PORTO SEGURO - BARREIRAS','ORDINÁRIA','CONVENCIONAL','20:00:00',1),(404,'PORTO SEGURO','JUAZEIRO',750,'PORTO SEGURO - JUAZEIRO','ORDINÁRIA','EXECUTIVO','08:00:00',1),(405,'PORTO SEGURO','JUAZEIRO',750,'PORTO SEGURO - JUAZEIRO','ORDINÁRIA','CONVENCIONAL','10:00:00',1),(406,'PORTO SEGURO','JUAZEIRO',750,'PORTO SEGURO - JUAZEIRO','ORDINÁRIA','EXECUTIVO','12:00:00',1),(407,'PORTO SEGURO','JUAZEIRO',750,'PORTO SEGURO - JUAZEIRO','ORDINÁRIA','CONVENCIONAL','15:00:00',1),(408,'PORTO SEGURO','JUAZEIRO',750,'PORTO SEGURO - JUAZEIRO','ORDINÁRIA','EXECUTIVO','17:00:00',1),(409,'PORTO SEGURO','JUAZEIRO',750,'PORTO SEGURO - JUAZEIRO','ORDINÁRIA','CONVENCIONAL','20:00:00',1),(410,'PORTO SEGURO','TEIXEIRA DE FREITAS',150,'PORTO SEGURO - TEIXEIRA DE FREITAS','ORDINÁRIA','EXECUTIVO','08:00:00',1),(411,'PORTO SEGURO','TEIXEIRA DE FREITAS',150,'PORTO SEGURO - TEIXEIRA DE FREITAS','ORDINÁRIA','CONVENCIONAL','10:00:00',1),(412,'PORTO SEGURO','TEIXEIRA DE FREITAS',150,'PORTO SEGURO - TEIXEIRA DE FREITAS','ORDINÁRIA','EXECUTIVO','12:00:00',1),(413,'PORTO SEGURO','TEIXEIRA DE FREITAS',150,'PORTO SEGURO - TEIXEIRA DE FREITAS','ORDINÁRIA','CONVENCIONAL','15:00:00',1),(414,'PORTO SEGURO','TEIXEIRA DE FREITAS',150,'PORTO SEGURO - TEIXEIRA DE FREITAS','ORDINÁRIA','EXECUTIVO','17:00:00',1),(415,'PORTO SEGURO','TEIXEIRA DE FREITAS',150,'PORTO SEGURO - TEIXEIRA DE FREITAS','ORDINÁRIA','CONVENCIONAL','20:00:00',1),(416,'PORTO SEGURO','EUNÁPOLIS',60,'PORTO SEGURO - EUNÁPOLIS','ORDINÁRIA','EXECUTIVO','08:00:00',1),(417,'PORTO SEGURO','EUNÁPOLIS',60,'PORTO SEGURO - EUNÁPOLIS','ORDINÁRIA','CONVENCIONAL','10:00:00',1),(418,'PORTO SEGURO','EUNÁPOLIS',60,'PORTO SEGURO - EUNÁPOLIS','ORDINÁRIA','EXECUTIVO','12:00:00',1),(419,'PORTO SEGURO','EUNÁPOLIS',60,'PORTO SEGURO - EUNÁPOLIS','ORDINÁRIA','CONVENCIONAL','15:00:00',1),(420,'PORTO SEGURO','EUNÁPOLIS',60,'PORTO SEGURO - EUNÁPOLIS','ORDINÁRIA','EXECUTIVO','17:00:00',1),(421,'PORTO SEGURO','EUNÁPOLIS',60,'PORTO SEGURO - EUNÁPOLIS','ORDINÁRIA','CONVENCIONAL','20:00:00',1),(422,'TEIXEIRA DE FREITAS','SALVADOR',640,'TEIXEIRA DE FREITAS - SALVADOR','ORDINÁRIA','EXECUTIVO','08:00:00',1),(423,'TEIXEIRA DE FREITAS','SALVADOR',640,'TEIXEIRA DE FREITAS - SALVADOR','ORDINÁRIA','CONVENCIONAL','10:00:00',1),(424,'TEIXEIRA DE FREITAS','SALVADOR',640,'TEIXEIRA DE FREITAS - SALVADOR','ORDINÁRIA','EXECUTIVO','12:00:00',1),(425,'TEIXEIRA DE FREITAS','SALVADOR',640,'TEIXEIRA DE FREITAS - SALVADOR','ORDINÁRIA','CONVENCIONAL','15:00:00',1),(426,'TEIXEIRA DE FREITAS','SALVADOR',640,'TEIXEIRA DE FREITAS - SALVADOR','ORDINÁRIA','EXECUTIVO','17:00:00',1),(427,'TEIXEIRA DE FREITAS','SALVADOR',640,'TEIXEIRA DE FREITAS - SALVADOR','ORDINÁRIA','CONVENCIONAL','20:00:00',1),(428,'TEIXEIRA DE FREITAS','FEIRA DE SANTANA',590,'TEIXEIRA DE FREITAS - FEIRA DE SANTANA','ORDINÁRIA','EXECUTIVO','08:00:00',1),(429,'TEIXEIRA DE FREITAS','FEIRA DE SANTANA',590,'TEIXEIRA DE FREITAS - FEIRA DE SANTANA','ORDINÁRIA','CONVENCIONAL','10:00:00',1),(430,'TEIXEIRA DE FREITAS','FEIRA DE SANTANA',590,'TEIXEIRA DE FREITAS - FEIRA DE SANTANA','ORDINÁRIA','EXECUTIVO','12:00:00',1),(431,'TEIXEIRA DE FREITAS','FEIRA DE SANTANA',590,'TEIXEIRA DE FREITAS - FEIRA DE SANTANA','ORDINÁRIA','CONVENCIONAL','15:00:00',1),(432,'TEIXEIRA DE FREITAS','FEIRA DE SANTANA',590,'TEIXEIRA DE FREITAS - FEIRA DE SANTANA','ORDINÁRIA','EXECUTIVO','17:00:00',1),(433,'TEIXEIRA DE FREITAS','FEIRA DE SANTANA',590,'TEIXEIRA DE FREITAS - FEIRA DE SANTANA','ORDINÁRIA','CONVENCIONAL','20:00:00',1),(434,'TEIXEIRA DE FREITAS','VITÓRIA DA CONQUISTA',560,'TEIXEIRA DE FREITAS - VITÓRIA DA CONQUISTA','ORDINÁRIA','EXECUTIVO','08:00:00',1),(435,'TEIXEIRA DE FREITAS','VITÓRIA DA CONQUISTA',560,'TEIXEIRA DE FREITAS - VITÓRIA DA CONQUISTA','ORDINÁRIA','CONVENCIONAL','10:00:00',1),(436,'TEIXEIRA DE FREITAS','VITÓRIA DA CONQUISTA',560,'TEIXEIRA DE FREITAS - VITÓRIA DA CONQUISTA','ORDINÁRIA','EXECUTIVO','12:00:00',1),(437,'TEIXEIRA DE FREITAS','VITÓRIA DA CONQUISTA',560,'TEIXEIRA DE FREITAS - VITÓRIA DA CONQUISTA','ORDINÁRIA','CONVENCIONAL','15:00:00',1),(438,'TEIXEIRA DE FREITAS','VITÓRIA DA CONQUISTA',560,'TEIXEIRA DE FREITAS - VITÓRIA DA CONQUISTA','ORDINÁRIA','EXECUTIVO','17:00:00',1),(439,'TEIXEIRA DE FREITAS','VITÓRIA DA CONQUISTA',560,'TEIXEIRA DE FREITAS - VITÓRIA DA CONQUISTA','ORDINÁRIA','CONVENCIONAL','20:00:00',1),(440,'TEIXEIRA DE FREITAS','ILHÉUS',190,'TEIXEIRA DE FREITAS - ILHÉUS','ORDINÁRIA','EXECUTIVO','08:00:00',1),(441,'TEIXEIRA DE FREITAS','ILHÉUS',190,'TEIXEIRA DE FREITAS - ILHÉUS','ORDINÁRIA','CONVENCIONAL','10:00:00',1),(442,'TEIXEIRA DE FREITAS','ILHÉUS',190,'TEIXEIRA DE FREITAS - ILHÉUS','ORDINÁRIA','EXECUTIVO','12:00:00',1),(443,'TEIXEIRA DE FREITAS','ILHÉUS',190,'TEIXEIRA DE FREITAS - ILHÉUS','ORDINÁRIA','CONVENCIONAL','15:00:00',1),(444,'TEIXEIRA DE FREITAS','ILHÉUS',190,'TEIXEIRA DE FREITAS - ILHÉUS','ORDINÁRIA','EXECUTIVO','17:00:00',1),(445,'TEIXEIRA DE FREITAS','ILHÉUS',190,'TEIXEIRA DE FREITAS - ILHÉUS','ORDINÁRIA','CONVENCIONAL','20:00:00',1),(446,'TEIXEIRA DE FREITAS','ITABUNA',250,'TEIXEIRA DE FREITAS - ITABUNA','ORDINÁRIA','EXECUTIVO','08:00:00',1),(447,'TEIXEIRA DE FREITAS','ITABUNA',250,'TEIXEIRA DE FREITAS - ITABUNA','ORDINÁRIA','CONVENCIONAL','10:00:00',1),(448,'TEIXEIRA DE FREITAS','ITABUNA',250,'TEIXEIRA DE FREITAS - ITABUNA','ORDINÁRIA','EXECUTIVO','12:00:00',1),(449,'TEIXEIRA DE FREITAS','ITABUNA',250,'TEIXEIRA DE FREITAS - ITABUNA','ORDINÁRIA','CONVENCIONAL','15:00:00',1),(450,'TEIXEIRA DE FREITAS','ITABUNA',250,'TEIXEIRA DE FREITAS - ITABUNA','ORDINÁRIA','EXECUTIVO','17:00:00',1),(451,'TEIXEIRA DE FREITAS','ITABUNA',250,'TEIXEIRA DE FREITAS - ITABUNA','ORDINÁRIA','CONVENCIONAL','20:00:00',1),(452,'TEIXEIRA DE FREITAS','BARREIRAS',890,'TEIXEIRA DE FREITAS - BARREIRAS','ORDINÁRIA','EXECUTIVO','08:00:00',1),(453,'TEIXEIRA DE FREITAS','BARREIRAS',890,'TEIXEIRA DE FREITAS - BARREIRAS','ORDINÁRIA','CONVENCIONAL','10:00:00',1),(454,'TEIXEIRA DE FREITAS','BARREIRAS',890,'TEIXEIRA DE FREITAS - BARREIRAS','ORDINÁRIA','EXECUTIVO','12:00:00',1),(455,'TEIXEIRA DE FREITAS','BARREIRAS',890,'TEIXEIRA DE FREITAS - BARREIRAS','ORDINÁRIA','CONVENCIONAL','15:00:00',1),(456,'TEIXEIRA DE FREITAS','BARREIRAS',890,'TEIXEIRA DE FREITAS - BARREIRAS','ORDINÁRIA','EXECUTIVO','17:00:00',1),(457,'TEIXEIRA DE FREITAS','BARREIRAS',890,'TEIXEIRA DE FREITAS - BARREIRAS','ORDINÁRIA','CONVENCIONAL','20:00:00',1),(458,'TEIXEIRA DE FREITAS','JUAZEIRO',740,'TEIXEIRA DE FREITAS - JUAZEIRO','ORDINÁRIA','EXECUTIVO','08:00:00',1),(459,'TEIXEIRA DE FREITAS','JUAZEIRO',740,'TEIXEIRA DE FREITAS - JUAZEIRO','ORDINÁRIA','CONVENCIONAL','10:00:00',1),(460,'TEIXEIRA DE FREITAS','JUAZEIRO',740,'TEIXEIRA DE FREITAS - JUAZEIRO','ORDINÁRIA','EXECUTIVO','12:00:00',1),(461,'TEIXEIRA DE FREITAS','JUAZEIRO',740,'TEIXEIRA DE FREITAS - JUAZEIRO','ORDINÁRIA','CONVENCIONAL','15:00:00',1),(462,'TEIXEIRA DE FREITAS','JUAZEIRO',740,'TEIXEIRA DE FREITAS - JUAZEIRO','ORDINÁRIA','EXECUTIVO','17:00:00',1),(463,'TEIXEIRA DE FREITAS','JUAZEIRO',740,'TEIXEIRA DE FREITAS - JUAZEIRO','ORDINÁRIA','CONVENCIONAL','20:00:00',1),(464,'TEIXEIRA DE FREITAS','PORTO SEGURO',150,'TEIXEIRA DE FREITAS - PORTO SEGURO','ORDINÁRIA','EXECUTIVO','08:00:00',1),(465,'TEIXEIRA DE FREITAS','PORTO SEGURO',150,'TEIXEIRA DE FREITAS - PORTO SEGURO','ORDINÁRIA','CONVENCIONAL','10:00:00',1),(466,'TEIXEIRA DE FREITAS','PORTO SEGURO',150,'TEIXEIRA DE FREITAS - PORTO SEGURO','ORDINÁRIA','EXECUTIVO','12:00:00',1),(467,'TEIXEIRA DE FREITAS','PORTO SEGURO',150,'TEIXEIRA DE FREITAS - PORTO SEGURO','ORDINÁRIA','CONVENCIONAL','15:00:00',1),(468,'TEIXEIRA DE FREITAS','PORTO SEGURO',150,'TEIXEIRA DE FREITAS - PORTO SEGURO','ORDINÁRIA','EXECUTIVO','17:00:00',1),(469,'TEIXEIRA DE FREITAS','PORTO SEGURO',150,'TEIXEIRA DE FREITAS - PORTO SEGURO','ORDINÁRIA','CONVENCIONAL','20:00:00',1),(470,'TEIXEIRA DE FREITAS','EUNÁPOLIS',100,'TEIXEIRA DE FREITAS - EUNÁPOLIS','ORDINÁRIA','EXECUTIVO','08:00:00',1),(471,'TEIXEIRA DE FREITAS','EUNÁPOLIS',100,'TEIXEIRA DE FREITAS - EUNÁPOLIS','ORDINÁRIA','CONVENCIONAL','10:00:00',1),(472,'TEIXEIRA DE FREITAS','EUNÁPOLIS',100,'TEIXEIRA DE FREITAS - EUNÁPOLIS','ORDINÁRIA','EXECUTIVO','12:00:00',1),(473,'TEIXEIRA DE FREITAS','EUNÁPOLIS',100,'TEIXEIRA DE FREITAS - EUNÁPOLIS','ORDINÁRIA','CONVENCIONAL','15:00:00',1),(474,'TEIXEIRA DE FREITAS','EUNÁPOLIS',100,'TEIXEIRA DE FREITAS - EUNÁPOLIS','ORDINÁRIA','EXECUTIVO','17:00:00',1),(475,'TEIXEIRA DE FREITAS','EUNÁPOLIS',100,'TEIXEIRA DE FREITAS - EUNÁPOLIS','ORDINÁRIA','CONVENCIONAL','20:00:00',1),(476,'EUNÁPOLIS','SALVADOR',640,'EUNÁPOLIS - SALVADOR','ORDINÁRIA','EXECUTIVO','08:00:00',1),(477,'EUNÁPOLIS','SALVADOR',640,'EUNÁPOLIS - SALVADOR','ORDINÁRIA','CONVENCIONAL','10:00:00',1),(478,'EUNÁPOLIS','SALVADOR',640,'EUNÁPOLIS - SALVADOR','ORDINÁRIA','EXECUTIVO','12:00:00',1),(479,'EUNÁPOLIS','SALVADOR',640,'EUNÁPOLIS - SALVADOR','ORDINÁRIA','CONVENCIONAL','15:00:00',1),(480,'EUNÁPOLIS','SALVADOR',640,'EUNÁPOLIS - SALVADOR','ORDINÁRIA','EXECUTIVO','17:00:00',1),(481,'EUNÁPOLIS','SALVADOR',640,'EUNÁPOLIS - SALVADOR','ORDINÁRIA','CONVENCIONAL','20:00:00',1),(482,'EUNÁPOLIS','FEIRA DE SANTANA',590,'EUNÁPOLIS - FEIRA DE SANTANA','ORDINÁRIA','EXECUTIVO','08:00:00',1),(483,'EUNÁPOLIS','FEIRA DE SANTANA',590,'EUNÁPOLIS - FEIRA DE SANTANA','ORDINÁRIA','CONVENCIONAL','10:00:00',1),(484,'EUNÁPOLIS','FEIRA DE SANTANA',590,'EUNÁPOLIS - FEIRA DE SANTANA','ORDINÁRIA','EXECUTIVO','12:00:00',1),(485,'EUNÁPOLIS','FEIRA DE SANTANA',590,'EUNÁPOLIS - FEIRA DE SANTANA','ORDINÁRIA','CONVENCIONAL','15:00:00',1),(486,'EUNÁPOLIS','FEIRA DE SANTANA',590,'EUNÁPOLIS - FEIRA DE SANTANA','ORDINÁRIA','EXECUTIVO','17:00:00',1),(487,'EUNÁPOLIS','FEIRA DE SANTANA',590,'EUNÁPOLIS - FEIRA DE SANTANA','ORDINÁRIA','CONVENCIONAL','20:00:00',1),(488,'EUNÁPOLIS','VITÓRIA DA CONQUISTA',560,'EUNÁPOLIS - VITÓRIA DA CONQUISTA','ORDINÁRIA','EXECUTIVO','08:00:00',1),(489,'EUNÁPOLIS','VITÓRIA DA CONQUISTA',560,'EUNÁPOLIS - VITÓRIA DA CONQUISTA','ORDINÁRIA','CONVENCIONAL','10:00:00',1),(490,'EUNÁPOLIS','VITÓRIA DA CONQUISTA',560,'EUNÁPOLIS - VITÓRIA DA CONQUISTA','ORDINÁRIA','EXECUTIVO','12:00:00',1),(491,'EUNÁPOLIS','VITÓRIA DA CONQUISTA',560,'EUNÁPOLIS - VITÓRIA DA CONQUISTA','ORDINÁRIA','CONVENCIONAL','15:00:00',1),(492,'EUNÁPOLIS','VITÓRIA DA CONQUISTA',560,'EUNÁPOLIS - VITÓRIA DA CONQUISTA','ORDINÁRIA','EXECUTIVO','17:00:00',1),(493,'EUNÁPOLIS','VITÓRIA DA CONQUISTA',560,'EUNÁPOLIS - VITÓRIA DA CONQUISTA','ORDINÁRIA','CONVENCIONAL','20:00:00',1),(494,'EUNÁPOLIS','ILHÉUS',180,'EUNÁPOLIS - ILHÉUS','ORDINÁRIA','EXECUTIVO','08:00:00',1),(495,'EUNÁPOLIS','ILHÉUS',180,'EUNÁPOLIS - ILHÉUS','ORDINÁRIA','CONVENCIONAL','10:00:00',1),(496,'EUNÁPOLIS','ILHÉUS',180,'EUNÁPOLIS - ILHÉUS','ORDINÁRIA','EXECUTIVO','12:00:00',1),(497,'EUNÁPOLIS','ILHÉUS',180,'EUNÁPOLIS - ILHÉUS','ORDINÁRIA','CONVENCIONAL','15:00:00',1),(498,'EUNÁPOLIS','ILHÉUS',180,'EUNÁPOLIS - ILHÉUS','ORDINÁRIA','EXECUTIVO','17:00:00',1),(499,'EUNÁPOLIS','ILHÉUS',180,'EUNÁPOLIS - ILHÉUS','ORDINÁRIA','CONVENCIONAL','20:00:00',1),(500,'EUNÁPOLIS','ITABUNA',230,'EUNÁPOLIS - ITABUNA','ORDINÁRIA','EXECUTIVO','08:00:00',1),(501,'EUNÁPOLIS','ITABUNA',230,'EUNÁPOLIS - ITABUNA','ORDINÁRIA','CONVENCIONAL','10:00:00',1),(502,'EUNÁPOLIS','ITABUNA',230,'EUNÁPOLIS - ITABUNA','ORDINÁRIA','EXECUTIVO','12:00:00',1),(503,'EUNÁPOLIS','ITABUNA',230,'EUNÁPOLIS - ITABUNA','ORDINÁRIA','CONVENCIONAL','15:00:00',1),(504,'EUNÁPOLIS','ITABUNA',230,'EUNÁPOLIS - ITABUNA','ORDINÁRIA','EXECUTIVO','17:00:00',1),(505,'EUNÁPOLIS','ITABUNA',230,'EUNÁPOLIS - ITABUNA','ORDINÁRIA','CONVENCIONAL','20:00:00',1),(506,'EUNÁPOLIS','BARREIRAS',800,'EUNÁPOLIS - BARREIRAS','ORDINÁRIA','EXECUTIVO','08:00:00',1),(507,'EUNÁPOLIS','BARREIRAS',800,'EUNÁPOLIS - BARREIRAS','ORDINÁRIA','CONVENCIONAL','10:00:00',1),(508,'EUNÁPOLIS','BARREIRAS',800,'EUNÁPOLIS - BARREIRAS','ORDINÁRIA','EXECUTIVO','12:00:00',1),(509,'EUNÁPOLIS','BARREIRAS',800,'EUNÁPOLIS - BARREIRAS','ORDINÁRIA','CONVENCIONAL','15:00:00',1),(510,'EUNÁPOLIS','BARREIRAS',800,'EUNÁPOLIS - BARREIRAS','ORDINÁRIA','EXECUTIVO','17:00:00',1),(511,'EUNÁPOLIS','BARREIRAS',800,'EUNÁPOLIS - BARREIRAS','ORDINÁRIA','CONVENCIONAL','20:00:00',1),(512,'EUNÁPOLIS','JUAZEIRO',750,'EUNÁPOLIS - JUAZEIRO','ORDINÁRIA','EXECUTIVO','08:00:00',1),(513,'EUNÁPOLIS','JUAZEIRO',750,'EUNÁPOLIS - JUAZEIRO','ORDINÁRIA','CONVENCIONAL','10:00:00',1),(514,'EUNÁPOLIS','JUAZEIRO',750,'EUNÁPOLIS - JUAZEIRO','ORDINÁRIA','EXECUTIVO','12:00:00',1),(515,'EUNÁPOLIS','JUAZEIRO',750,'EUNÁPOLIS - JUAZEIRO','ORDINÁRIA','CONVENCIONAL','15:00:00',1),(516,'EUNÁPOLIS','JUAZEIRO',750,'EUNÁPOLIS - JUAZEIRO','ORDINÁRIA','EXECUTIVO','17:00:00',1),(517,'EUNÁPOLIS','JUAZEIRO',750,'EUNÁPOLIS - JUAZEIRO','ORDINÁRIA','CONVENCIONAL','20:00:00',1),(518,'EUNÁPOLIS','PORTO SEGURO',60,'EUNÁPOLIS - PORTO SEGURO','ORDINÁRIA','EXECUTIVO','08:00:00',1),(519,'EUNÁPOLIS','PORTO SEGURO',60,'EUNÁPOLIS - PORTO SEGURO','ORDINÁRIA','CONVENCIONAL','10:00:00',1),(520,'EUNÁPOLIS','PORTO SEGURO',60,'EUNÁPOLIS - PORTO SEGURO','ORDINÁRIA','EXECUTIVO','12:00:00',1),(521,'EUNÁPOLIS','PORTO SEGURO',60,'EUNÁPOLIS - PORTO SEGURO','ORDINÁRIA','CONVENCIONAL','15:00:00',1),(522,'EUNÁPOLIS','PORTO SEGURO',60,'EUNÁPOLIS - PORTO SEGURO','ORDINÁRIA','EXECUTIVO','17:00:00',1),(523,'EUNÁPOLIS','PORTO SEGURO',60,'EUNÁPOLIS - PORTO SEGURO','ORDINÁRIA','CONVENCIONAL','20:00:00',1),(524,'EUNÁPOLIS','TEIXEIRA DE FREITAS',100,'EUNÁPOLIS - TEIXEIRA DE FREITAS','ORDINÁRIA','EXECUTIVO','08:00:00',1),(525,'EUNÁPOLIS','TEIXEIRA DE FREITAS',100,'EUNÁPOLIS - TEIXEIRA DE FREITAS','ORDINÁRIA','CONVENCIONAL','10:00:00',1),(526,'EUNÁPOLIS','TEIXEIRA DE FREITAS',100,'EUNÁPOLIS - TEIXEIRA DE FREITAS','ORDINÁRIA','EXECUTIVO','12:00:00',1),(527,'EUNÁPOLIS','TEIXEIRA DE FREITAS',100,'EUNÁPOLIS - TEIXEIRA DE FREITAS','ORDINÁRIA','CONVENCIONAL','15:00:00',1),(528,'EUNÁPOLIS','TEIXEIRA DE FREITAS',100,'EUNÁPOLIS - TEIXEIRA DE FREITAS','ORDINÁRIA','EXECUTIVO','17:00:00',1),(529,'EUNÁPOLIS','TEIXEIRA DE FREITAS',100,'EUNÁPOLIS - TEIXEIRA DE FREITAS','ORDINÁRIA','CONVENCIONAL','20:00:00',1);
/*!40000 ALTER TABLE `viagem` ENABLE KEYS */;
UNLOCK TABLES;

--
-- Dumping events for database 'passabus'
--

--
-- Dumping routines for database 'passabus'
--

--
-- Final view structure for view `destinopopular`
--

/*!50001 DROP VIEW IF EXISTS `destinopopular`*/;
/*!50001 SET @saved_cs_client          = @@character_set_client */;
/*!50001 SET @saved_cs_results         = @@character_set_results */;
/*!50001 SET @saved_col_connection     = @@collation_connection */;
/*!50001 SET character_set_client      = utf8mb4 */;
/*!50001 SET character_set_results     = utf8mb4 */;
/*!50001 SET collation_connection      = utf8mb4_0900_ai_ci */;
/*!50001 CREATE ALGORITHM=UNDEFINED */
/*!50013 DEFINER=`root`@`localhost` SQL SECURITY DEFINER */
/*!50001 VIEW `destinopopular` AS select count(`vd`.`idViagem`) AS `quantViagem`,`vg`.`destino` AS `destino` from (`venda` `vd` join `viagem` `vg` on((`vd`.`idViagem` = `vg`.`idViagem`))) group by `vg`.`destino` order by `quantViagem` desc limit 1 */;
/*!50001 SET character_set_client      = @saved_cs_client */;
/*!50001 SET character_set_results     = @saved_cs_results */;
/*!50001 SET collation_connection      = @saved_col_connection */;

--
-- Final view structure for view `quantidadevendida`
--

/*!50001 DROP VIEW IF EXISTS `quantidadevendida`*/;
/*!50001 SET @saved_cs_client          = @@character_set_client */;
/*!50001 SET @saved_cs_results         = @@character_set_results */;
/*!50001 SET @saved_col_connection     = @@collation_connection */;
/*!50001 SET character_set_client      = utf8mb4 */;
/*!50001 SET character_set_results     = utf8mb4 */;
/*!50001 SET collation_connection      = utf8mb4_0900_ai_ci */;
/*!50001 CREATE ALGORITHM=UNDEFINED */
/*!50013 DEFINER=`root`@`localhost` SQL SECURITY DEFINER */
/*!50001 VIEW `quantidadevendida` AS select count(`venda`.`idVenda`) AS `quantidadeVendida` from `venda` where ((month(`venda`.`dtVenda`) = month(curdate())) and (year(`venda`.`dtVenda`) = year(curdate()))) */;
/*!50001 SET character_set_client      = @saved_cs_client */;
/*!50001 SET character_set_results     = @saved_cs_results */;
/*!50001 SET collation_connection      = @saved_col_connection */;

--
-- Final view structure for view `ultimo_logado`
--

/*!50001 DROP VIEW IF EXISTS `ultimo_logado`*/;
/*!50001 SET @saved_cs_client          = @@character_set_client */;
/*!50001 SET @saved_cs_results         = @@character_set_results */;
/*!50001 SET @saved_col_connection     = @@collation_connection */;
/*!50001 SET character_set_client      = utf8mb4 */;
/*!50001 SET character_set_results     = utf8mb4 */;
/*!50001 SET collation_connection      = utf8mb4_0900_ai_ci */;
/*!50001 CREATE ALGORITHM=UNDEFINED */
/*!50013 DEFINER=`root`@`localhost` SQL SECURITY DEFINER */
/*!50001 VIEW `ultimo_logado` AS select `l`.`idLog` AS `idLog`,`l`.`idUsuario` AS `idUsuario`,`u`.`username` AS `username`,`u`.`role` AS `role` from (`log` `l` join `usuario` `u` on((`l`.`idUsuario` = `u`.`idUsuario`))) order by `l`.`idLog` desc limit 1 */;
/*!50001 SET character_set_client      = @saved_cs_client */;
/*!50001 SET character_set_results     = @saved_cs_results */;
/*!50001 SET collation_connection      = @saved_col_connection */;
/*!40103 SET TIME_ZONE=@OLD_TIME_ZONE */;

/*!40101 SET SQL_MODE=@OLD_SQL_MODE */;
/*!40014 SET FOREIGN_KEY_CHECKS=@OLD_FOREIGN_KEY_CHECKS */;
/*!40014 SET UNIQUE_CHECKS=@OLD_UNIQUE_CHECKS */;
/*!40101 SET CHARACTER_SET_CLIENT=@OLD_CHARACTER_SET_CLIENT */;
/*!40101 SET CHARACTER_SET_RESULTS=@OLD_CHARACTER_SET_RESULTS */;
/*!40101 SET COLLATION_CONNECTION=@OLD_COLLATION_CONNECTION */;
/*!40111 SET SQL_NOTES=@OLD_SQL_NOTES */;

-- Dump completed on 2025-03-19  9:48:11
